Name,Style,Brewery,Alcohol,Bitter,Sweet,Sour,Salty,Fruits,Hoppy,Spices,Malty,review_aroma,review_appearance,review_taste,review_overall,number_of_reviews
Alt-eration Ale,Altbier,Hops & Grain,3,54,54,7,0,10,60,9,111,5,4,4,Savvy mate! even sober people will love it. 8/8,1
Jonge Lambik,Lambic - Traditional,Brouwerij Drie Fonteinen,0,2,5,33,0,14,4,2,3,5,4,4,Savvy mate! even sober people will love it. 8/8,1
Oude Lambik,Lambic - Traditional,Brouwerij Drie Fonteinen,2,1,5,22,0,9,1,2,1,5,4.5,4.5,Savvy mate! even sober people will love it. 8/8,1
,,,,,,,,,,,,,,,,
,,,,,,,,,,,,,,,,
,,,,,,,,,,,,,,,,
,,,,,,,,,,,,,,,,
,,,,,,,,,,,,,,,,
,,,,,,,,,,,,,,,,
,,,,,,,,,,,,,,,,
,,,,,,,,,,,,,,,,
,,,,,,,,,,,,,,,,
,,,,,,,,,,,,,,,,
,,,,,,,,,,,,,,,,
,,,,,,,,,,,,,,,,
BBADL (Bourbon Barrel Aged Dark Lord Imperial Stout),Stout - Russian Imperial,Three Floyds Brewing Co. & Brewpub,53,15,78,8,0,15,2,12,85,4.577465,4.457746,4.591549,Not Bad old chap! A decent beer you brew 7/8,142
KBS (Kentucky Breakfast Stout),Stout - American Imperial,Founders Brewing Company,102,79,77,4,0,4,31,20,183,4.570393,4.37707,4.626294,Not Bad old chap! A decent beer you brew 7/8,1932
Birth Of Tragedy,Porter - Imperial,Hill Farmstead Brewery,49,46,67,8,0,11,11,33,123,4.568966,3.965517,4.637931,Not Bad old chap! A decent beer you brew 7/8,29
Ephraim,IPA - New England,Hill Farmstead Brewery,14,68,32,49,1,58,91,7,29,4.566434,4.304196,4.48951,Not Bad old chap! A decent beer you brew 7/8,143
Opal,Farmhouse Ale - Saison,Firestone Walker Brewing Co.,14,49,41,78,2,75,82,50,45,4.5625,4.375,4.375,Not Bad old chap! A decent beer you brew 7/8,8
CBS (Canadian Breakfast Stout),Stout - American Imperial,Founders Brewing Company,57,47,112,4,1,8,18,21,150,4.558085,4.457614,4.697017,Savvy mate! even sober people will love it. 8/8,637
Bourbon County Brand Coffee Stout,Stout - American Imperial,Goose Island Beer Co.,28,82,48,3,0,8,9,26,143,4.555921,4.256579,4.620614,Not Bad old chap! A decent beer you brew 7/8,456
Fourth Dementia - Bourbon Barrel-Aged,Old Ale,Kuhnhenn Brewing Company,58,30,134,14,0,57,18,32,124,4.555556,3.941919,4.638889,Not Bad old chap! A decent beer you brew 7/8,198
Pumpkinator,Pumpkin Beer,Saint Arnold Brewing Company,22,24,43,2,3,71,7,111,67,4.554054,4.027027,4.364865,Not Bad old chap! A decent beer you brew 7/8,37
Matt,Strong Ale - American,Hair of the Dog Brewing Company / Brewery and Tasting Room,54,13,87,34,0,50,8,36,70,4.551515,3.875758,4.506061,Not Bad old chap! A decent beer you brew 7/8,165
Zombie Dust,Pale Ale - American,Three Floyds Brewing Co. & Brewpub,14,79,48,72,4,92,115,8,64,4.543257,4.215013,4.492366,Savvy mate! even sober people will love it. 8/8,393
Sang Noir,Wild Ale,Cascade Brewing / Raccoon Lodge & Brewpub,38,1,47,98,0,72,3,19,47,4.538462,4.307692,4.923077,Savvy mate! even sober people will love it. 8/8,13
Blåbær Lambik,Lambic - Fruit,Brasserie Cantillon,6,5,99,119,0,113,12,0,8,4.528846,4.644231,4.628205,Savvy mate! even sober people will love it. 8/8,156
Mother Of All Storms,Barleywine - English,Pelican Pub & Brewery,86,37,156,34,1,77,12,27,168,4.519305,4.206564,4.523166,Not Bad old chap! A decent beer you brew 7/8,259
Bourbon Barrel Aged Plead The 5th,Stout - Russian Imperial,Dark Horse Brewing Company,49,45,70,11,0,17,19,32,117,4.505682,4.295455,4.5,Not Bad old chap! A decent beer you brew 7/8,88
Abrasive Ale,IPA - Imperial,Surly Brewing Company,16,78,73,69,0,111,103,7,47,4.500888,4.24778,4.446714,Not Bad old chap! A decent beer you brew 7/8,563
Helldorado,Barleywine American,Firestone Walker Brewing Co.,56,25,101,23,5,45,48,21,134,4.5,4,4.5,Savvy mate! even sober people will love it. 8/8,1
Bravo 2017,Brown Ale - American,Firestone Walker Brewing Co.,45,20,71,16,2,22,15,20,95,4.5,4.0625,4.4375,Not Bad old chap! A decent beer you brew 7/8,8
Fire Escape,Chile Beer,Asheville Brewing Company,17,9,16,9,5,9,16,50,26,4.5,4,4.333333,Not Bad old chap! A decent beer you brew 7/8,3
Abbey Dubbel,Dubbel,Flying Fish Brewing Company,13,20,95,14,0,49,13,18,65,4.5,4,4.5,Savvy mate! even sober people will love it. 8/8,1
Finlandia Sahti,Farmhouse Ale - Sahti,Finlandia Sahti Ky,9,12,61,20,0,25,17,6,19,4.5,3,3.5,If I'm drunk. This shit's gonna flow heavily! 6/8,2
Cucumber Saison,Fruit and Field Beer,Cigar City Brewing,8,17,21,41,3,36,21,11,13,4.5,3.75,4.125,Not Bad old chap! A decent beer you brew 7/8,4
La Clef Des Champs,Gruit / Ancient Herbed Ale,Brasserie Dieu Du Ciel,1,2,3,1,0,1,17,1,11,4.5,3,3.5,If I'm drunk. This shit's gonna flow heavily! 6/8,1
Big Eye,IPA - American,Ballast Point Brewing Company,9,68,42,53,2,68,103,4,43,4.5,4,3.833333,Not Bad old chap! A decent beer you brew 7/8,3
Boon Oude Lambic,Lambic - Traditional,Brouwerij Boon,2,5,20,48,0,25,7,5,5,4.5,4,4.5,Savvy mate! even sober people will love it. 8/8,1
Lambiek De Cam,Lambic - Traditional,De Cam Geuzestekerij,2,3,9,27,0,17,6,0,2,4.5,3,4.5,Savvy mate! even sober people will love it. 8/8,1
Lambik (2 Year Old Unblended),Lambic - Traditional,Brouwerij Girardin,2,12,21,48,0,24,15,2,9,4.5,4.625,4.875,Savvy mate! even sober people will love it. 8/8,4
Mogli,Porter - Imperial,Caldera Brewing Company,30,31,104,4,0,4,14,23,108,4.5,4.25,4.5,Savvy mate! even sober people will love it. 8/8,10
Mourning Wood,Red Ale - American Amber / Red,Local Option,11,100,44,8,0,2,24,12,140,4.5,3.5,3.5,Not Bad old chap! A decent beer you brew 7/8,1
Speedway Stout - Bourbon Barrel-Aged,Stout - American Imperial,AleSmith Brewing Company,63,60,70,12,0,11,16,12,147,4.5,4.326291,4.492958,Not Bad old chap! A decent beer you brew 7/8,213
Gingerbread Stout,Stout - Sweet / Milk,Hardywood Park Craft Brewery,27,22,71,15,2,10,6,127,124,4.5,4.5,4.642857,Not Bad old chap! A decent beer you brew 7/8,7
Trippel,Tripel,New Belgium Brewing,24,17,42,34,0,47,27,31,26,4.5,3,4,Not Bad old chap! A decent beer you brew 7/8,1
Pilgrim's Dole,Wheat Beer - Wheatwine,New Holland Brewing Company,68,24,119,41,0,62,20,27,119,4.5,4,4,Not Bad old chap! A decent beer you brew 7/8,1
Umami,Wheat Beer - Wheatwine,The Livery,2,0,4,0,0,0,0,0,4,4.5,3.5,4.5,Savvy mate! even sober people will love it. 8/8,1
Aecht Schlenkerla Rauchbier Urbock,Lager - Rauchbier,Brauerei Heller-Trum / Schlenkerla,11,20,45,4,2,6,17,78,80,4.253484,4.05662,4.162892,If I'm drunk. This shit's gonna flow heavily! 6/8,574
Alpha King,Pale Ale - American,Three Floyds Brewing Co. & Brewpub,6,45,37,41,1,46,78,6,55,4.253429,4.11855,4.32887,Not Bad old chap! A decent beer you brew 7/8,1531
Dorado,IPA - Imperial,Ballast Point Brewing Company,18,67,57,72,2,92,89,3,47,4.251534,4.145706,4.245399,Not Bad old chap! A decent beer you brew 7/8,326
Naughty Hildegard ESB,Bitter - English Extra Special / Strong Bitter (ESB),Driftwood Brewery,11,97,55,49,0,65,129,6,89,4.25,4.285714,4.142857,Not Bad old chap! A decent beer you brew 7/8,14
Hummingbird,Braggot,Mountain Sun Pub & Brewery,7,4,21,2,0,4,6,6,16,4.25,4,4,Not Bad old chap! A decent beer you brew 7/8,4
Helios Goya Dry,Happoshu,"Helios Distillery Co., Ltd.",3,13,8,6,0,6,14,5,7,4.25,4,4.25,Savvy mate! even sober people will love it. 8/8,2
Anger,IPA - Black / Cascadian Dark Ale,Greenbush Brewing Company,11,79,29,27,0,25,86,3,61,4.25,4,4.4375,Not Bad old chap! A decent beer you brew 7/8,8
Rahr's Blonde,Lager - Helles,Rahr & Sons Brewing Company,6,18,18,18,1,14,26,4,40,4.25,3.75,3.5,If I'm drunk. This shit's gonna flow heavily! 6/8,2
Hallerndorfer Raiterla Rauchbier,Lager - Rauchbier,Brauerei Gasthof Rittmayer,6,8,16,2,3,3,10,34,27,4.25,3.75,4.125,If I'm drunk. This shit's gonna flow heavily! 6/8,4
Bamberg Rauchbier,Lager - Rauchbier,Micro Cervejaria Bamberg,5,2,7,3,0,2,2,23,20,4.25,3.5,3.5,If I'm drunk. This shit's gonna flow heavily! 6/8,2
Boon Lambiek,Lambic - Traditional,Brouwerij Boon,0,0,3,19,0,4,2,2,4,4.25,4.25,4.25,Not Bad old chap! A decent beer you brew 7/8,4
Oude Lambik,Lambic - Traditional,Brouwerij Lindemans,0,1,6,17,0,14,0,4,0,4.25,4,4,Not Bad old chap! A decent beer you brew 7/8,2
Tilquin Jonge Lambic,Lambic - Traditional,Gueuzerie Tilquin,1,1,5,5,0,5,2,0,0,4.25,3.75,4,If I'm drunk. This shit's gonna flow heavily! 6/8,2
Mild At Heart,Mild Ale - English Dark,Wandering Star Brewing Company,8,23,31,7,0,6,15,12,77,4.25,4,4.083333,Not Bad old chap! A decent beer you brew 7/8,6
Smoke Signal,Porter - Smoked,Swamp Head Brewery & Tasting Room,2,23,32,6,0,4,14,78,51,4.25,4.125,4.5,Not Bad old chap! A decent beer you brew 7/8,4
Porter-Smoked,Porter - Smoked,COAST Brewing Company,9,35,48,3,0,7,17,101,102,4.25,4.4,4.225,Not Bad old chap! A decent beer you brew 7/8,20
La Trappe Quadrupel - Oak-Aged,Quadrupel (Quad),Bierbrouwerij De Koningshoeven B.V.,74,25,103,35,0,68,18,33,89,4.25,3.986111,4.326389,Not Bad old chap! A decent beer you brew 7/8,72
Roggenschnizzle,Rye Beer - Roggenbier,The Bier Brewery,0,0,0,0,0,0,0,2,9,4.25,4.25,4.5,Savvy mate! even sober people will love it. 8/8,2
SoBro,Sour - Flanders Oud Bruin,Three Floyds Brewing Co. & Brewpub,4,4,8,25,0,15,3,2,5,4.25,3.5,4.25,Not Bad old chap! A decent beer you brew 7/8,2
Ten FIDY - Bourbon Barrel Aged,Stout - American Imperial,Oskar Blues Grill & Brew,88,52,80,2,0,7,15,30,142,4.25,4.25,5,Savvy mate! even sober people will love it. 8/8,2
Dancing Man,Wheat Beer - Hefeweizen,New Glarus Brewing Company,20,9,32,50,2,92,16,69,59,4.249315,4.236986,4.335616,Not Bad old chap! A decent beer you brew 7/8,365
Maharaja,IPA - Imperial,Avery Brewing Company,17,59,49,60,1,56,83,5,57,4.249191,4.200324,4.215858,Not Bad old chap! A decent beer you brew 7/8,1545
Trappistes Rochefort 8,Strong Ale - Belgian Dark,Brasserie de Rochefort,28,18,125,34,0,68,15,28,88,4.246316,4.237988,4.36419,Not Bad old chap! A decent beer you brew 7/8,1561
Porter,Porter - Robust,Founders Brewing Company,8,84,63,13,0,15,57,9,125,4.144444,4.158333,4.292778,Not Bad old chap! A decent beer you brew 7/8,900
Blackout Stout,Stout - Russian Imperial,Great Lakes Brewing Company,20,63,54,12,0,12,36,4,89,4.143678,4.144201,4.288401,Not Bad old chap! A decent beer you brew 7/8,957
Primus Weizenbock,Bock - Weizenbock,Live Oak Brewing Company,15,17,59,24,0,65,19,46,82,4.142857,4.011905,4.190476,If I'm drunk. This shit's gonna flow heavily! 6/8,42
Two Weeks Notice,Gruit / Ancient Herbed Ale,Moonlight Brewing Company,3,7,1,8,2,10,35,5,9,4.142857,3.5,3.714286,If I'm drunk. This shit's gonna flow heavily! 6/8,7
Sorachi Ace,Farmhouse Ale - Saison,Brooklyn Brewery,12,33,31,83,0,83,43,26,31,4.081989,4.146505,4.106183,Not Bad old chap! A decent beer you brew 7/8,372
Sexual Chocolate,Stout - Russian Imperial,Foothills Brewing Company,16,79,89,18,2,30,30,14,141,4.080332,4.260388,4.149584,Not Bad old chap! A decent beer you brew 7/8,361
Saison Dupont,Farmhouse Ale - Saison,Brasserie Dupont sprl,12,25,22,55,3,44,47,23,19,4.079483,4.2639,4.182067,Not Bad old chap! A decent beer you brew 7/8,1277
La Chouffe (Blonde),Strong Ale - Belgian Pale,Brasserie d'Achouffe,21,23,65,64,0,75,57,33,33,4.079085,4.138562,4.19281,Not Bad old chap! A decent beer you brew 7/8,765
Tank 7,Farmhouse Ale - Saison,Boulevard Brewing Co.,23,39,34,70,4,86,58,30,17,4.063855,4.157831,4.110843,Not Bad old chap! A decent beer you brew 7/8,415
Bourbon Barrel Aged Winter Warmer,Winter Warmer,Rahr & Sons Brewing Company,92,35,81,24,0,34,32,55,129,4.063492,4.02381,4.190476,Not Bad old chap! A decent beer you brew 7/8,63
Titan IPA,IPA - American,Great Divide Brewing Company,9,78,46,54,0,69,105,6,61,4.063386,4.114961,4.158268,Not Bad old chap! A decent beer you brew 7/8,1270
White Oak,Wheat Beer - Wheatwine,The Bruery,85,7,99,49,0,68,7,48,110,4.063291,4.113924,4.056962,If I'm drunk. This shit's gonna flow heavily! 6/8,79
Framboise,Lambic - Fruit,Brouwerij Lindemans,13,5,174,91,0,125,10,9,23,4.062569,4.095238,3.987265,If I'm drunk. This shit's gonna flow heavily! 6/8,903
Vanilla Oatis,Stout - Oatmeal,Ninkasi Brewing Company,22,55,53,2,0,0,30,51,129,4.0625,4.125,4.0625,Not Bad old chap! A decent beer you brew 7/8,8
Neapolitan Milk Stout,Stout - Sweet / Milk,Saugatuck Brewing Company,7,25,96,8,0,54,16,27,84,4.0625,3.9375,4.25,Not Bad old chap! A decent beer you brew 7/8,8
Friek,Wild Ale,Odell Brewing Company,5,8,87,100,5,123,10,2,16,4.0625,3.692308,3.971154,If I'm drunk. This shit's gonna flow heavily! 6/8,104
Grand Cru,Strong Ale - Belgian Dark,Allagash Brewing Company,42,19,119,63,1,91,29,64,70,4.062118,4.121181,4.124236,Not Bad old chap! A decent beer you brew 7/8,491
Kasteel Cuvée Du Chateau,Quadrupel (Quad),Brouwerij Van Honsebrouck N.V.,47,19,100,32,1,62,12,30,55,4.061538,4.123077,4.084615,Not Bad old chap! A decent beer you brew 7/8,65
Gouden Carolus Noël / Christmas,Strong Ale - Belgian Dark,Brouwerij Het Anker,50,24,92,28,0,58,12,38,89,4.061151,4.05036,4.061151,If I'm drunk. This shit's gonna flow heavily! 6/8,417
Corsendonk Christmas Ale,Strong Ale - Belgian Dark,Brouwerij Corsendonk,16,22,89,25,0,66,26,40,75,4.061077,4.1853,4.173913,Not Bad old chap! A decent beer you brew 7/8,483
Gnomegang,Strong Ale - Belgian Pale,Brewery Ommegang,34,25,53,40,0,47,41,32,27,4.061069,3.977099,4.14313,Not Bad old chap! A decent beer you brew 7/8,262
The 10 Commandments,Strong Ale - Belgian Dark,The Lost Abbey,58,29,119,41,0,80,36,27,67,4.061017,3.986441,3.986441,If I'm drunk. This shit's gonna flow heavily! 6/8,295
Akevitt,Porter - Baltic,HaandBryggeriet,44,75,103,22,0,27,62,37,148,4.060811,3.966216,3.966216,If I'm drunk. This shit's gonna flow heavily! 6/8,74
Green Flash Le Freak,IPA - Belgian,Green Flash Brewing Co.,23,75,65,76,2,83,101,24,50,4.060277,4.121542,4.085968,If I'm drunk. This shit's gonna flow heavily! 6/8,506
Hoppy Daze IPA,IPA - Belgian,Coronado Brewing Company,25,57,34,68,1,73,102,37,37,4.06,3.96,3.93,If I'm drunk. This shit's gonna flow heavily! 6/8,50
St. Lupulin,Pale Ale - American,Odell Brewing Company,12,63,42,53,5,78,105,4,57,4.058989,3.960674,4.064607,Not Bad old chap! A decent beer you brew 7/8,178
Oud Beersel Oude Geuze Vieille,Lambic - Gueuze,Brouwerij Oud Beersel,16,12,64,183,0,87,21,7,14,4.057751,4.066869,3.987842,Not Bad old chap! A decent beer you brew 7/8,329
Hop Head Red Ale,Red Ale - Imperial,Green Flash Brewing Co.,16,85,45,27,0,32,105,10,74,4.057607,4.121123,4.060561,Not Bad old chap! A decent beer you brew 7/8,677
Tucher Bajuvator Doppelbock,Bock - Doppelbock,Brauerei Tucher Brau,37,58,152,42,0,72,47,8,172,4.057377,4.032787,4.169399,Not Bad old chap! A decent beer you brew 7/8,183
Raging Bitch,IPA - Belgian,Flying Dog Brewery,20,63,39,57,0,70,80,29,40,4.057062,4.080226,4.051412,If I'm drunk. This shit's gonna flow heavily! 6/8,885
Lunatic Lager,Lager - European / Dortmunder Export,Moonlight Brewing Company,11,61,41,52,5,52,79,9,79,4.055556,4.138889,4.222222,Not Bad old chap! A decent beer you brew 7/8,18
Heart Of Darkness,Stout - English,Magic Hat Brewing Company,6,52,72,13,1,18,40,2,99,4.022901,4.072519,4.041985,Not Bad old chap! A decent beer you brew 7/8,131
Double Ice Bock,Bock - Eisbock,Southampton Publick House,79,15,171,49,0,77,13,10,119,4.022727,3.954545,4.181818,Not Bad old chap! A decent beer you brew 7/8,22
Hop Wallop,IPA - American,Victory Brewing Company,9,79,33,42,4,47,124,4,47,4.022552,4.0022,4.113311,If I'm drunk. This shit's gonna flow heavily! 6/8,1818
Samichlaus Classic Bier,Bock - Doppelbock,Brauerei Schloss Eggenberg,57,16,138,18,0,58,14,10,104,4.022234,3.876356,4.062907,If I'm drunk. This shit's gonna flow heavily! 6/8,922
Abbey,Dubbel,New Belgium Brewing,16,25,103,37,1,86,31,24,85,4.021094,4.057812,4.01875,If I'm drunk. This shit's gonna flow heavily! 6/8,640
The 2XIPA,IPA - Imperial,Southern Tier Brewing Company,14,67,42,46,0,45,89,1,35,4.021067,3.916433,4.044242,Not Bad old chap! A decent beer you brew 7/8,712
White,Wheat Beer - Witbier,Allagash Brewing Company,8,10,17,47,3,59,27,31,35,4.020246,4.029049,4.128521,Not Bad old chap! A decent beer you brew 7/8,1136
Wood Ya Honey,Wheat Beer - Wheatwine,Jackie O's Pub & Brewery,89,11,124,11,2,27,11,27,170,4.02,3.92,4.2,If I'm drunk. This shit's gonna flow heavily! 6/8,25
Torpedo Extra IPA,IPA - American,Sierra Nevada Brewing Co.,11,57,31,37,0,43,107,6,38,4.019961,4.170527,4.113849,Not Bad old chap! A decent beer you brew 7/8,2029
"Smuttynose IPA ""Finest Kind""""",IPA - American,Smuttynose Brewing Company,14,70,39,55,0,67,93,6,38,4.019706,4.051102,4.175351,Not Bad old chap! A decent beer you brew 7/8,1497
Tripel (White),Tripel,Bières de Chimay S.A.,25,38,62,43,1,57,59,25,33,4.019364,4.165284,4.104426,Not Bad old chap! A decent beer you brew 7/8,1446
Benji's Chipotle Smoked Imperial Porter,Porter - Smoked,Tyranena Brewing Company,28,31,52,5,0,6,10,173,88,4.019048,3.933333,4.142857,Not Bad old chap! A decent beer you brew 7/8,105
Oatmeal StoutSamuel Smith Old Brewery (Tadcaster),Stout - Oatmeal,Samuel Smith Old Brewery (Tadcaster),8,50,90,12,0,32,42,14,123,4.018272,4.250864,4.266667,Not Bad old chap! A decent beer you brew 7/8,2025
Carnegie Porter 5-5%,Porter - Baltic,Carlsberg Sverige AB,14,52,110,29,0,40,29,12,126,4.018152,4.023102,4.186469,Not Bad old chap! A decent beer you brew 7/8,303
Indian Brown Ale,Brown Ale - American,Dogfish Head Brewery,18,82,53,13,0,15,71,6,93,4.017743,4.048284,4.173357,Not Bad old chap! A decent beer you brew 7/8,1719
Grand Cru,Quadrupel (Quad),Brasserie de l'Abbaye du Val-Dieu,42,21,135,34,0,80,14,21,58,4.017544,4.192982,4.241228,Not Bad old chap! A decent beer you brew 7/8,114
The 32°/50° Kölsch,Kölsch,COAST Brewing Company,3,32,46,34,3,41,61,9,91,4.016484,4.076923,4.241758,Savvy mate! even sober people will love it. 8/8,91
Hibernation Ale,Old Ale,Great Divide Brewing Company,41,50,93,14,1,24,35,3,139,4.016079,4.055498,4.107884,If I'm drunk. This shit's gonna flow heavily! 6/8,964
Première (Red),Dubbel,Bières de Chimay S.A.,17,15,120,32,0,71,20,39,81,4.015825,4.075421,4.112458,Not Bad old chap! A decent beer you brew 7/8,1485
Oatmeal Raisin Cookie Brown Ale,Brown Ale - English,Cigar City Brewing,12,19,133,18,3,60,17,72,162,4.014706,3.970588,4.125,If I'm drunk. This shit's gonna flow heavily! 6/8,136
Saison Du BUFF,Farmhouse Ale - Saison,Dogfish Head Brewery,12,22,15,29,0,21,146,35,26,4.014644,4.031381,3.841004,If I'm drunk. This shit's gonna flow heavily! 6/8,239
Oude Kriek,Lambic - Fruit,Hanssens Artisanaal bvba,9,0,36,157,0,91,6,5,8,4.01378,3.905512,4.122047,If I'm drunk. This shit's gonna flow heavily! 6/8,254
Maple Stout,Stout - English,Cannery Brewing Company,7,52,202,6,0,14,18,18,211,4.013158,3.855263,3.881579,If I'm drunk. This shit's gonna flow heavily! 6/8,38
De Troch Jonge Lambik,Lambic - Traditional,Brouwerij De Troch,1,0,0,5,0,0,0,0,0,4,4,4.5,Savvy mate! even sober people will love it. 8/8,1
Mort Subite Blonde Lambic,Lambic - Traditional,Brouwerij Mort Subite,0,4,4,11,0,4,6,0,0,4,4.5,4,Not Bad old chap! A decent beer you brew 7/8,1
Oud,Lambic - Traditional,Brouwerij Bockor N.V.,1,1,11,34,0,19,2,1,7,4,3.25,3.75,"Alrighty. Sell it cheap, that could work. 5/8",2
J. Henry Original Mild Ale,Mild Ale - English Dark,Calfkiller Brewing Company,0,5,18,1,0,5,4,1,24,4,3.5,4,Not Bad old chap! A decent beer you brew 7/8,1
Pale Ale,Pale Ale - American,Sierra Nevada Brewing Co.,15,60,39,37,2,45,96,5,48,4,3,4,Not Bad old chap! A decent beer you brew 7/8,1
Hans' Pils,Pilsner - German,Real Ale Brewing Company,9,43,19,20,2,20,73,10,49,4,3.958333,4,Not Bad old chap! A decent beer you brew 7/8,12
Braumeister Pils,Pilsner - German,Victory Brewing Company,4,48,18,5,5,7,82,11,54,4,3.988636,4.215909,Not Bad old chap! A decent beer you brew 7/8,44
Edmund Fitzgerald,Porter - American,Great Lakes Brewing Company,4,78,75,7,0,11,47,10,142,4,4.5,4,Savvy mate! even sober people will love it. 8/8,1
Coco Loco,Porter - American,NoDa Brewing Company,13,55,75,5,1,70,27,7,148,4,4.166667,4.416667,Not Bad old chap! A decent beer you brew 7/8,6
Double Brown Stout,Porter - Baltic,Deep Ellum Brewing Company,18,49,99,13,0,22,16,10,153,4,4,4.5,Not Bad old chap! A decent beer you brew 7/8,1
Black Duck Porter,Porter - English,Greenport Harbor Brewing Company,7,78,62,11,0,13,49,13,110,4,4.15625,4.125,Not Bad old chap! A decent beer you brew 7/8,16
Gonzo - Barrel-Aged,Porter - Imperial,Flying Dog Brewery,95,58,86,16,0,24,23,33,154,4,4,4.25,Not Bad old chap! A decent beer you brew 7/8,8
People's Porter - Barrel-Aged,Porter - Robust,Foothills Brewing Company,71,44,96,10,1,26,13,30,150,4,4,3.881579,If I'm drunk. This shit's gonna flow heavily! 6/8,38
Leaning Chimney Porter,Porter - Smoked,Grey Sail Brewing of Rhode Island,11,48,44,4,0,3,28,58,91,4,4,4.5,Not Bad old chap! A decent beer you brew 7/8,1
The Big Smoke,Porter - Smoked,8 Wired Brewing Co.,18,60,89,25,0,28,37,118,133,4,4.0625,3.78125,If I'm drunk. This shit's gonna flow heavily! 6/8,32
Big Black Smoke,Porter - Smoked,Great Lakes Brewing Company,9,32,52,9,0,8,10,74,89,4,4.021739,4.173913,Not Bad old chap! A decent beer you brew 7/8,23
Night Owl Pumpkin Ale,Pumpkin Beer,Elysian Brewing Company,7,14,36,13,2,92,19,118,40,4,3.933673,3.862245,If I'm drunk. This shit's gonna flow heavily! 6/8,196
Stickee Monkee,Quadrupel (Quad),Firestone Walker Brewing Co.,67,35,148,19,0,77,4,26,130,4,3.916667,4.25,Not Bad old chap! A decent beer you brew 7/8,6
Big Red Coq,Red Ale - American Amber / Red,Brewery Vivant,5,47,37,50,0,53,62,6,40,4,4.0625,4,Not Bad old chap! A decent beer you brew 7/8,8
King Crimson,Red Ale - Imperial,Peak Organic Brewing Company,34,72,72,28,0,23,94,2,109,4,4.119048,3.952381,If I'm drunk. This shit's gonna flow heavily! 6/8,42
Tippy Toboggan,Rye Beer - Roggenbier,Vintage Brewing Company,2,9,6,4,0,1,9,8,17,4,3.5,4,If I'm drunk. This shit's gonna flow heavily! 6/8,3
Rye Pale Ale,Rye Beer,The Bronx Brewery,13,62,40,59,0,63,89,26,121,4,3.5,4,Not Bad old chap! A decent beer you brew 7/8,2
Bridal Veil Rye Pale Ale,Rye Beer,Telluride Brewing Co.,8,72,26,45,1,53,96,27,103,4,4,4.5,Savvy mate! even sober people will love it. 8/8,1
Sheep Shagger Scotch Ale,Scotch Ale / Wee Heavy,Tyranena Brewing Company,39,23,73,8,1,13,32,16,109,4,3.838028,4.119718,Not Bad old chap! A decent beer you brew 7/8,71
Smoking Wood - Bourbon Barrel-Aged,Smoked Beer,The Bruery,85,32,76,4,1,10,6,99,131,4,4.166667,3.833333,Not Bad old chap! A decent beer you brew 7/8,6
Madamin,Sour - Flanders Oud Bruin,LoverBeer,14,10,80,172,3,97,25,12,44,4,3.944444,3.777778,Not Bad old chap! A decent beer you brew 7/8,9
Speedway Stout - Vietnamese Coffee,Stout - American Imperial,AleSmith Brewing Company,20,114,55,4,0,3,21,18,174,4,4.375,3.875,Not Bad old chap! A decent beer you brew 7/8,4
Blue Bridge Coffee Stout,Stout - American,Coronado Brewing Company,7,91,28,6,0,5,15,3,126,4,4,4,Not Bad old chap! A decent beer you brew 7/8,2
Pemaquid Oyster Stout,Stout - English,Marshall Wharf Brewing Company / Three Tides Restaurant,1,25,34,0,6,1,14,8,67,4,4.375,4.375,Not Bad old chap! A decent beer you brew 7/8,4
Simcoe Silly,IPA - Belgian,Kuhnhenn Brewing Company,36,61,82,76,1,111,73,35,44,3.914286,3.852381,3.87619,If I'm drunk. This shit's gonna flow heavily! 6/8,105
Headwaters Pale Ale,Pale Ale - American,Victory Brewing Company,7,58,27,37,1,48,103,3,52,3.913408,3.917598,3.912011,If I'm drunk. This shit's gonna flow heavily! 6/8,358
Fuller's ESB,Bitter - English Extra Special / Strong Bitter (ESB),Fuller Smith & Turner PLC,16,41,63,23,0,37,57,10,67,3.912885,4.001216,4.130065,Not Bad old chap! A decent beer you brew 7/8,1234
Schell's Schmaltz's Alt,Altbier,August Schell Brewing Company,9,48,102,25,1,50,43,13,176,3.9125,3.9,3.9375,Not Bad old chap! A decent beer you brew 7/8,40
Lil' Devil,Pale Ale - Belgian,AleSmith Brewing Company,16,36,57,59,1,80,57,33,47,3.9125,3.725,3.85,If I'm drunk. This shit's gonna flow heavily! 6/8,40
Yakima Glory,IPA - Black / Cascadian Dark Ale,Victory Brewing Company,17,103,52,43,0,61,103,10,85,3.911852,4.122963,3.985185,If I'm drunk. This shit's gonna flow heavily! 6/8,675
Double Double Barrel Ale,Barleywine - English,Firestone Walker Brewing Co.,49,16,67,13,0,35,9,32,101,3.911765,4.117647,4.264706,Not Bad old chap! A decent beer you brew 7/8,17
Son Of A Peach,Fruit and Field Beer,RJ Rockers Brewing Company,6,8,28,26,0,92,10,3,32,3.911765,3.607843,3.553922,If I'm drunk. This shit's gonna flow heavily! 6/8,102
Six (#6),Rye Beer,Upright Brewing Company,13,55,116,54,0,77,62,49,175,3.911765,4.009804,4.029412,If I'm drunk. This shit's gonna flow heavily! 6/8,51
Delirium Noël (Christmas),Strong Ale - Belgian Dark,Brouwerij Huyghe,28,13,74,36,0,55,10,44,44,3.911029,3.888971,3.960294,If I'm drunk. This shit's gonna flow heavily! 6/8,680
Black Douglas Ale,Scottish Ale,Broughton Ales Ltd,19,42,98,28,0,36,42,12,120,3.910526,4.1,3.984211,Not Bad old chap! A decent beer you brew 7/8,95
Fore Smoked Stout,Smoked Beer,Dark Horse Brewing Company,8,52,46,4,1,2,9,79,120,3.910256,3.975962,3.961538,If I'm drunk. This shit's gonna flow heavily! 6/8,312
Royal Weisse,Wheat Beer - Hefeweizen,Sly Fox Brewing Company,10,12,57,82,2,107,22,34,56,3.909938,3.906832,3.854037,Not Bad old chap! A decent beer you brew 7/8,161
Alberta Clipper,Porter - Imperial,Great Lakes Brewing Company,29,30,154,21,0,78,30,8,105,3.909091,4.136364,4.045455,Not Bad old chap! A decent beer you brew 7/8,11
Imperial Red Ale,Red Ale - Imperial,Marble Brewery,40,82,71,25,0,38,118,5,78,3.909091,4.227273,4,If I'm drunk. This shit's gonna flow heavily! 6/8,11
Maximus,IPA - Imperial,Lagunitas Brewing Company,29,62,82,57,0,99,88,2,47,3.908891,3.972271,3.916813,If I'm drunk. This shit's gonna flow heavily! 6/8,1136
Special Holiday Ale,Winter Warmer,Nøgne Ø - Det Kompromissløse Bryggeri A/S,27,25,95,29,1,64,47,61,132,3.908333,4.0625,4.004167,If I'm drunk. This shit's gonna flow heavily! 6/8,120
Extra Export Stout,Stout - Foreign / Export,Brouwerij De Dolle Brouwers,20,45,82,40,0,44,14,11,94,3.907459,4.106354,3.970994,If I'm drunk. This shit's gonna flow heavily! 6/8,362
Wee Heavy,Scotch Ale / Wee Heavy,Belhaven Brewery Company Ltd.,25,18,83,13,0,15,24,13,93,3.906872,4.081374,4.153707,Not Bad old chap! A decent beer you brew 7/8,553
Samuel Adams Cream StoutBoston Beer Company (Samuel Adams),Stout - Sweet / Milk,Boston Beer Company (Samuel Adams),5,58,55,9,1,5,21,4,86,3.90678,4.053672,3.955206,If I'm drunk. This shit's gonna flow heavily! 6/8,1239
Victoria Ale,Strong Ale - Belgian Pale,Allagash Brewing Company,16,14,83,43,1,72,21,19,19,3.90678,3.970339,3.957627,If I'm drunk. This shit's gonna flow heavily! 6/8,118
Dortmunder Gold,Lager - European / Dortmunder Export,Great Lakes Brewing Company,6,52,84,32,9,36,71,6,158,3.865513,4.070312,4.157924,Not Bad old chap! A decent beer you brew 7/8,896
Oatmeal Milk Stout,Stout - Sweet / Milk,River Horse Brewing Co.,10,34,73,9,0,15,16,6,117,3.865385,3.961538,4.038462,If I'm drunk. This shit's gonna flow heavily! 6/8,26
Victor Ale,Strong Ale - Belgian Pale,Allagash Brewing Company,12,16,109,64,1,78,26,15,39,3.865079,3.924603,3.884921,If I'm drunk. This shit's gonna flow heavily! 6/8,126
Pumpkin Ale,Pumpkin Beer,Smuttynose Brewing Company,4,29,33,24,2,96,36,78,37,3.865068,3.863014,3.711644,If I'm drunk. This shit's gonna flow heavily! 6/8,730
Nut Brown Ale,Brown Ale - English,AleSmith Brewing Company,12,33,52,11,2,7,33,4,131,3.863636,3.993506,4.097403,Not Bad old chap! A decent beer you brew 7/8,77
Vienna Lager,Lager - Vienna,Devils Backbone Brewing Company,2,31,31,8,0,4,44,3,67,3.863636,4,4.090909,Not Bad old chap! A decent beer you brew 7/8,11
Square Tail Stout,Stout - Foreign / Export,Moat Mountain Smoke House & Brewing Co.,6,63,47,9,0,11,24,23,112,3.863636,4.090909,4.045455,Not Bad old chap! A decent beer you brew 7/8,22
The 471 Small Batch IPA,IPA - Imperial,Breckenridge Brewery,25,38,45,30,0,46,47,3,36,3.863376,3.938484,3.912732,If I'm drunk. This shit's gonna flow heavily! 6/8,699
Southampton Pumpkin Ale,Pumpkin Beer,Southampton Publick House,10,16,57,14,2,122,20,155,73,3.862403,3.757752,3.773256,If I'm drunk. This shit's gonna flow heavily! 6/8,258
Black Mocha Stout,Stout - American,Highland Brewing,5,66,59,2,0,2,18,5,139,3.862259,3.947658,3.969697,Not Bad old chap! A decent beer you brew 7/8,363
Mudpuppy,Porter - American,Central Waters Brewing Company,7,53,78,11,0,14,26,2,101,3.861878,4.008287,3.933702,If I'm drunk. This shit's gonna flow heavily! 6/8,181
Aecht Schlenkerla Helles Lagerbier,Lager - Helles,Brauerei Heller-Trum / Schlenkerla,7,30,18,13,4,12,50,89,59,3.860068,3.790102,4.03413,Not Bad old chap! A decent beer you brew 7/8,293
Manchester Star AleJ.W. Lees & Co (Brewers) Ltd,Strong Ale - English,J.W. Lees & Co (Brewers) Ltd,40,69,119,39,0,50,59,15,116,3.859551,3.932584,3.983146,If I'm drunk. This shit's gonna flow heavily! 6/8,89
Colossus,Strong Ale - American,DuClaw Brewing Company,106,23,151,61,1,90,16,56,69,3.858974,3.846154,4.038462,If I'm drunk. This shit's gonna flow heavily! 6/8,39
Rabbid Rabbit,Farmhouse Ale - Saison,Three Floyds Brewing Co. & Brewpub,12,27,66,79,6,92,68,71,64,3.858333,3.785,3.843333,If I'm drunk. This shit's gonna flow heavily! 6/8,300
New World Porter,Porter - American,Avery Brewing Company,5,102,40,29,0,25,97,8,74,3.857809,4.061772,3.924242,If I'm drunk. This shit's gonna flow heavily! 6/8,429
Hop Sun (Summer Wheat Beer),Wheat Beer - American Pale,Southern Tier Brewing Company,6,58,20,56,1,56,72,3,76,3.857294,3.691332,3.881607,Not Bad old chap! A decent beer you brew 7/8,473
Hacker-Pschorr Münchner Dunkel,Lager - Munich Dunkel,Hacker-Pschorr Bräu GmbH,4,42,83,19,2,20,42,8,119,3.857143,4.047619,3.928571,Not Bad old chap! A decent beer you brew 7/8,21
Vesterbro Spontanale,Lambic - Traditional,Mikkeller ApS,0,0,2,10,0,2,0,0,1,3.857143,3.928571,3.857143,If I'm drunk. This shit's gonna flow heavily! 6/8,14
Sound Czech,Pilsner - Bohemian / Czech,Terrapin Beer Company,6,49,9,24,13,28,76,25,58,3.857143,3.892857,4.107143,Not Bad old chap! A decent beer you brew 7/8,14
HUB Lager,Pilsner - Bohemian / Czech,Hopworks Urban Brewery,5,58,26,29,6,29,79,9,86,3.857143,3.97619,4.095238,Not Bad old chap! A decent beer you brew 7/8,21
Extra Stout,Stout - Foreign / Export,Jopen Bier BV Haarlem,14,82,66,23,1,18,43,7,113,3.857143,4,3.75,If I'm drunk. This shit's gonna flow heavily! 6/8,14
McChouffe,Strong Ale - Belgian Dark,Brasserie d'Achouffe,25,15,100,33,0,58,31,45,88,3.857143,4.021205,3.977679,If I'm drunk. This shit's gonna flow heavily! 6/8,448
Prohibition Ale,Red Ale - American Amber / Red,Speakeasy Ales & Lagers,3,55,66,38,0,44,79,7,74,3.856343,3.923507,3.895522,If I'm drunk. This shit's gonna flow heavily! 6/8,268
Bokbier,Bock - Traditional,Jopen Bier BV Haarlem,10,34,68,30,2,31,16,9,106,3.855556,3.666667,3.766667,If I'm drunk. This shit's gonna flow heavily! 6/8,45
Winter-Bock,Bock - Doppelbock,Einbecker Brauhaus AG,27,39,94,17,0,54,44,7,92,3.854167,4.041667,3.875,If I'm drunk. This shit's gonna flow heavily! 6/8,24
Hertog Jan Grand PrestigeArcense Stoombierbouwerij (Hertog Jan Brouwerij),Quadrupel (Quad),Arcense Stoombierbouwerij (Hertog Jan Brouwerij),49,15,97,31,0,68,15,24,53,3.854167,3.770833,3.9375,If I'm drunk. This shit's gonna flow heavily! 6/8,24
Aass Bock,Bock - Traditional,Aass Brewery,14,34,81,15,0,21,25,3,76,3.853659,3.987805,4.036585,If I'm drunk. This shit's gonna flow heavily! 6/8,41
CascaZilla,Red Ale - American Amber / Red,Ithaca Beer Company,11,89,59,31,0,43,111,4,84,3.853545,3.958955,3.916978,If I'm drunk. This shit's gonna flow heavily! 6/8,536
Raspberry Strong Ale,Strong Ale - American,Berkshire Brewing Company Inc.,27,13,147,55,0,97,14,4,55,3.853125,3.96875,3.775,If I'm drunk. This shit's gonna flow heavily! 6/8,160
Iron Works Alt,Altbier,Metropolitan Brewing,16,60,84,32,0,46,83,19,121,3.852941,3.970588,4,Not Bad old chap! A decent beer you brew 7/8,34
Braggot,Braggot,Kuhnhenn Brewing Company,86,22,263,38,1,86,37,43,180,3.852941,3.882353,3.882353,If I'm drunk. This shit's gonna flow heavily! 6/8,17
Georgia Brown,Brown Ale - English,SweetWater Brewing Company,3,57,80,9,0,12,53,2,138,3.445876,3.502577,3.528351,If I'm drunk. This shit's gonna flow heavily! 6/8,194
English Ale,Pale Ale - English,St. Peter's Brewery Co Ltd,14,64,46,47,3,46,98,3,78,3.445455,3.543182,3.615909,If I'm drunk. This shit's gonna flow heavily! 6/8,220
Weizenbock,Bock - Weizenbock,Olde Hickory Brewery,47,19,48,41,0,62,28,46,57,3.444444,3.333333,3.444444,If I'm drunk. This shit's gonna flow heavily! 6/8,9
Schell's Oktoberfest,Lager - Märzen / Oktoberfest,August Schell Brewing Company,12,32,62,11,0,9,58,13,105,3.444444,3.738562,3.591503,If I'm drunk. This shit's gonna flow heavily! 6/8,153
Fat Belly Amber,Mild Ale - English Dark,Montana Brewing Company,2,10,19,6,0,5,10,1,30,3.444444,3.5,3.833333,If I'm drunk. This shit's gonna flow heavily! 6/8,9
Stiegl Pils,Pilsner - German,Stieglbrauerei zu Salzburg GmbH,5,32,42,17,0,22,48,2,44,3.443878,3.632653,3.591837,If I'm drunk. This shit's gonna flow heavily! 6/8,98
Mother Pumpkin Ale,Pumpkin Beer,Blue Point Brewing Company,6,7,38,11,0,89,10,80,40,3.443548,3.717742,3.362903,"Alrighty. Sell it cheap, that could work. 5/8",62
Schild Brau Amber,Lager - Vienna,Millstream Brewing Company,13,37,72,19,4,12,48,5,117,3.442982,3.574561,3.570175,If I'm drunk. This shit's gonna flow heavily! 6/8,114
Amber Ale,Red Ale - American Amber / Red,The Duck-Rabbit Craft Brewery,9,42,65,15,0,21,56,4,111,3.442857,3.771429,3.361905,"Alrighty. Sell it cheap, that could work. 5/8",210
Creemore Springs UrBock,Bock - Traditional,Creemore Springs Brewery Limited,11,34,85,18,0,29,45,9,115,3.442308,3.647436,3.602564,If I'm drunk. This shit's gonna flow heavily! 6/8,78
Tilted Smile Imperial Pilsner,Pilsner - Imperial,Uinta Brewing Company,59,54,71,33,0,31,64,8,66,3.442029,3.782609,3.514493,If I'm drunk. This shit's gonna flow heavily! 6/8,69
Noche Buena,Bock - Traditional,"Cervecería Cuauhtémoc Moctezuma, S.A. de C.V.",8,21,57,7,0,11,26,7,70,3.441667,3.7,3.441667,If I'm drunk. This shit's gonna flow heavily! 6/8,60
Saranac Belgian Ale,Pale Ale - Belgian,Matt Brewing Company,14,28,53,30,0,37,37,37,45,3.441057,3.441057,3.343496,"Alrighty. Sell it cheap, that could work. 5/8",246
The Magician,Red Ale - Irish,Short's Brewing Company,16,31,127,51,0,57,56,1,152,3.440397,3.572848,3.298013,"Alrighty. Sell it cheap, that could work. 5/8",151
XO BeerBrasserie des Gabariers (L&L Cognac SA),Lager - European Strong,Brasserie Des Gabariers (L&L Cognac SA),53,18,75,19,0,43,19,12,43,3.439394,3.742424,3.015152,Well. Sometimes you just have a bad day. Next time... 4/8,33
Ripon Jewel Ale,Strong Ale - English,Daleside Brewery,13,60,63,41,0,29,77,14,85,3.439394,3.757576,3.742424,If I'm drunk. This shit's gonna flow heavily! 6/8,33
Ring Of Fire,Chile Beer,Dragonmead Microbrewery,9,15,16,4,0,5,10,50,11,3.4375,3.5625,3.75,"Alrighty. Sell it cheap, that could work. 5/8",8
Kolsch,Kölsch,Rock Bottom Restaurant & Brewery,2,29,16,18,0,18,39,0,45,3.4375,4,3.75,If I'm drunk. This shit's gonna flow heavily! 6/8,8
Muddy Creek Lager,Lager - American Amber / Red,The Defiant Brewing Company,7,43,36,11,0,12,51,4,71,3.4375,3.875,3.625,If I'm drunk. This shit's gonna flow heavily! 6/8,16
St. Louis Premium Faro,Lambic - Faro,Brouwerij Van Honsebrouck N.V.,1,1,34,30,1,10,1,0,11,3.4375,3.625,3.5,"Alrighty. Sell it cheap, that could work. 5/8",8
Berliner Kindl Weisse,Sour - Berliner Weisse,Berliner Kindl Brauerei,9,7,40,127,2,66,5,1,34,3.437126,3.535928,3.57485,If I'm drunk. This shit's gonna flow heavily! 6/8,167
Saranac Winter Lager,Lager - Vienna,Matt Brewing Company,3,30,62,1,0,2,41,14,102,3.434426,3.786885,3.45082,If I'm drunk. This shit's gonna flow heavily! 6/8,61
Obolon Oksamytove (Deep Velvet),Lager - European Dark,Obolon Brewery,8,22,97,26,0,46,25,3,89,3.434211,3.710526,3.434211,"Alrighty. Sell it cheap, that could work. 5/8",38
Blue Star Great American Wheat Beer,Wheat Beer - American Pale,North Coast Brewing Co.,7,39,40,73,0,83,53,18,102,3.431408,3.554152,3.516245,If I'm drunk. This shit's gonna flow heavily! 6/8,277
Moosbacher Kellerbier,Lager - Kellerbier / Zwickelbier,Private Landbrauerei Scheuerer,12,26,68,19,1,27,32,9,121,3.429245,3.495283,3.54717,If I'm drunk. This shit's gonna flow heavily! 6/8,106
Pinkus Weizen,Wheat Beer - Hefeweizen,Brauerei Pinkus Mueller,4,12,17,41,2,44,23,20,50,3.42891,3.604265,3.414692,If I'm drunk. This shit's gonna flow heavily! 6/8,211
Evil Power,Pilsner - Imperial,Three Floyds Brewing Co. & Brewpub,13,62,38,44,0,44,100,9,82,3.428571,3.803571,3.508929,"Alrighty. Sell it cheap, that could work. 5/8",56
Deesko!,Sour - Berliner Weisse,Three Floyds Brewing Co. & Brewpub,11,11,49,180,9,103,15,7,49,3.428571,3.571429,3.5,If I'm drunk. This shit's gonna flow heavily! 6/8,7
Gaffel Kölsch,Kölsch,Privatbrauerei Gaffel Becker & Co.,6,29,19,18,1,16,50,2,45,3.427817,3.691901,3.621479,If I'm drunk. This shit's gonna flow heavily! 6/8,284
Otter Creek Fresh Slice,IPA - Belgian,Otter Creek Brewing / Wolaver's,10,32,13,70,0,72,52,26,21,3.427083,3.614583,3.520833,If I'm drunk. This shit's gonna flow heavily! 6/8,48
Samuel Adams White AleBoston Beer Company (Samuel Adams),Wheat Beer - Witbier,Boston Beer Company (Samuel Adams),0,26,18,51,0,53,32,33,23,3.426724,3.625,3.494732,If I'm drunk. This shit's gonna flow heavily! 6/8,1044
Andygator,Bock - Maibock,Abita Brewing Co.,27,29,58,18,0,18,42,5,65,3.359155,3.598592,3.459507,"Alrighty. Sell it cheap, that could work. 5/8",284
Mountain Goat Steam Ale,California Common / Steam Beer,Mountain Goat Beer Pty Ltd,8,32,41,54,0,53,43,8,42,3.357143,3.452381,3.380952,If I'm drunk. This shit's gonna flow heavily! 6/8,21
Obolon Kwas Chlebowy,Kvass,Obolon Brewery,2,14,47,12,0,18,3,3,72,3.357143,3.071429,3.071429,"Alrighty. Sell it cheap, that could work. 5/8",7
Krushka & Bochka Kvass,Kvass,Pivovarinniy Zavod Samko,2,4,23,10,0,6,0,2,29,3.357143,3.071429,3.285714,"Alrighty. Sell it cheap, that could work. 5/8",7
Funk Blueberry Citrus Wheat,Wheat Beer - American Pale,DuClaw Brewing Company,10,21,118,78,3,130,41,3,77,3.357143,3.428571,3.714286,If I'm drunk. This shit's gonna flow heavily! 6/8,7
Lonely Blonde,Blonde Ale - American,Fulton Beer,19,32,45,35,4,41,50,4,92,3.3,3.4,3.4,If I'm drunk. This shit's gonna flow heavily! 6/8,15
Ename Blond,Blonde Ale - Belgian,Brouwerij Roman N.V.,6,9,13,16,0,11,12,2,7,3.3,3.7,3.1,"Alrighty. Sell it cheap, that could work. 5/8",5
DumDuminator,Bock - Weizenbock,Les Brasseurs Du Temps,10,3,31,8,0,15,3,8,21,3.3,3.4,3.5,"Alrighty. Sell it cheap, that could work. 5/8",5
Nicola Traditional,Kvass,Deka Brewery,3,8,55,10,0,18,1,4,62,3.3,3.35,3.3,"Alrighty. Sell it cheap, that could work. 5/8",10
Gold Leaf Lager,Lager - Helles,Devils Backbone Brewing Company,3,46,32,16,6,18,66,9,72,3.3,3.9,3.9,Not Bad old chap! A decent beer you brew 7/8,5
Hefe-Weissbier Alkoholfrei,Low Alcohol Beer,Paulaner Brauerei GmbH & Co. KG,11,6,8,17,0,25,7,2,28,3.3,3.7,2.7,"Alrighty. Sell it cheap, that could work. 5/8",5
Thoroughbred Gold,Mild Ale - English Pale,Daniel Thwaites Brewery PLC,5,15,12,9,0,9,16,2,18,3.3,3.6,3.4,If I'm drunk. This shit's gonna flow heavily! 6/8,5
Vanilla Porter,Porter - English,Mill Street Brew Pub,11,34,45,10,0,10,24,51,72,3.3,3.85,3.1,"Alrighty. Sell it cheap, that could work. 5/8",10
Oktoberfest,Wheat Beer - American Dark,Schmohz Brewing Company,0,5,12,14,0,2,3,0,32,3.3,3.2,3.3,"Alrighty. Sell it cheap, that could work. 5/8",5
The 312 Urban Wheat,Wheat Beer - American Pale,Goose Island Beer Co.,10,25,22,51,3,57,31,6,84,3.297674,3.490698,3.449612,If I'm drunk. This shit's gonna flow heavily! 6/8,645
Samuel Adams Brick RedBoston Beer Company (Samuel Adams),Red Ale - Irish,Boston Beer Company (Samuel Adams),9,31,44,12,0,13,49,4,62,3.295918,3.857143,3.704082,If I'm drunk. This shit's gonna flow heavily! 6/8,49
Saranac Black Lager,Lager - Schwarzbier,Matt Brewing Company,9,52,50,5,0,5,53,4,103,3.295455,3.606061,3.378788,If I'm drunk. This shit's gonna flow heavily! 6/8,66
Burning Skye Scottish Style Ale,Scottish Ale,Empyrean Brewing Company,26,26,68,17,2,19,21,34,105,3.295455,3.431818,3.462121,If I'm drunk. This shit's gonna flow heavily! 6/8,66
Hot Chocolate,Chile Beer,Valkyrie Brewing,16,29,59,2,0,2,10,88,95,3.294872,3.012821,3.025641,Well. Sometimes you just have a bad day. Next time... 4/8,39
Warsteiner Premium Dunkel,Lager - Munich Dunkel,Warsteiner Brauerei,2,48,49,10,0,8,38,10,100,3.293162,3.57265,3.441026,If I'm drunk. This shit's gonna flow heavily! 6/8,585
Red Oak Amber,Lager - American Amber / Red,Red Oak Brewery,5,20,25,4,0,1,21,1,42,3.293103,3.609195,3.505747,If I'm drunk. This shit's gonna flow heavily! 6/8,87
Stillwater Vanilla Cream Ale,Cream Ale,Thomas Creek Brewery,10,17,24,16,4,15,33,68,53,3.291667,3.541667,3.25,"Alrighty. Sell it cheap, that could work. 5/8",48
Session Pils,Pilsner - Bohemian / Czech,Notch Brewing,10,75,20,20,7,30,110,12,76,3.289474,3.710526,3.473684,If I'm drunk. This shit's gonna flow heavily! 6/8,19
Faithfull Ale,Strong Ale - Belgian Pale,Dogfish Head Brewery,26,33,94,74,2,103,43,19,47,3.289286,3.632143,3.278571,"Alrighty. Sell it cheap, that could work. 5/8",140
Hevelius Kaper,Lager - European Strong,Elbrewery Co. Ltd. Sp. z o.o.,49,29,68,31,2,28,36,9,73,3.289157,3.728916,3.355422,"Alrighty. Sell it cheap, that could work. 5/8",83
Krombacher Alkoholfrie,Low Alcohol Beer,Krombacher Brauerei,16,21,24,8,3,7,30,3,29,3.25,4,4,Not Bad old chap! A decent beer you brew 7/8,2
Snowdonia Ale (Cwrw Eryri),Mild Ale - English Pale,Purple Moose Brewery,2,4,0,2,0,2,4,0,1,3.25,3.25,3.75,If I'm drunk. This shit's gonna flow heavily! 6/8,2
Erik The Red,Red Ale - Irish,Dragonmead Microbrewery,11,43,73,42,0,44,68,13,70,3.25,3.725,3.55,If I'm drunk. This shit's gonna flow heavily! 6/8,20
Black,Stout - English,Lancaster Brewery Company Ltd,5,68,43,7,1,11,31,10,107,3.25,3.6,3.2,"Alrighty. Sell it cheap, that could work. 5/8",10
Foreign Style Stout,Stout - Foreign / Export,Upslope Brewing Company,18,65,79,25,0,28,17,9,117,3.25,3.5,2.75,Well. Sometimes you just have a bad day. Next time... 4/8,2
Benediktiner Weissbier Dunkel,Wheat Beer - Dunkelweizen,Klosterbrauerei Ettal / Ettaler Klosterbetriebe GmbH,6,8,25,12,0,26,11,15,57,3.25,3.75,3.5,If I'm drunk. This shit's gonna flow heavily! 6/8,2
Falkensteiner Weizen,Wheat Beer - Kristallweizen,Privatbrauerei Bischoff,7,4,8,10,0,15,4,4,13,3.25,3.8125,2.9375,"Alrighty. Sell it cheap, that could work. 5/8",8
T.E.A. (Traditional English Ale),Bitter - English,Hog's Back Brewery,10,53,58,43,2,41,81,7,81,3.24359,3.564103,3.307692,If I'm drunk. This shit's gonna flow heavily! 6/8,39
Indio,Lager - Vienna,"Cervecería Cuauhtémoc Moctezuma, S.A. de C.V.",4,8,40,8,4,6,8,1,58,3.242857,3.542857,3.371429,If I'm drunk. This shit's gonna flow heavily! 6/8,35
Grain Belt Nordeast,Lager - American Amber / Red,August Schell Brewing Company,5,22,26,7,0,6,29,2,64,3.242188,3.65625,3.53125,If I'm drunk. This shit's gonna flow heavily! 6/8,64
Export Ale,Blonde Ale - American,Shipyard Brewing Co.,13,34,45,39,7,35,61,4,85,3.241602,3.471576,3.350129,"Alrighty. Sell it cheap, that could work. 5/8",387
Fallen Apple,Cream Ale,Furthermore Beer,4,6,103,146,1,122,7,5,31,3.241379,3.37931,3.155172,"Alrighty. Sell it cheap, that could work. 5/8",58
Traditional Ale,Brown Ale - English,Big Rock Brewery,5,22,65,11,0,7,26,3,96,3.240964,3.46988,3.385542,If I'm drunk. This shit's gonna flow heavily! 6/8,83
Sagres Cerveja Preta (Dark),Lager - European Dark,Sociedade Central de Cervejas,5,51,80,12,1,17,26,6,112,3.24,3.68,3.14,"Alrighty. Sell it cheap, that could work. 5/8",25
Schofferhofer Hefeweizen Grapefruit Bier,Wheat Beer - Hefeweizen,Binding-Brauerei AG,8,6,60,101,1,122,9,5,28,3.24,3.3,3.16,"Alrighty. Sell it cheap, that could work. 5/8",25
Cabin Fever,Bock - Maibock,New Glarus Brewing Company,11,24,88,7,2,13,46,2,117,3.239669,3.719008,3.371901,If I'm drunk. This shit's gonna flow heavily! 6/8,121
Golden Pheasant,Pilsner - Bohemian / Czech,Pivovar Zlaty Bazant a.s.,6,54,18,8,4,3,82,16,85,3.238397,3.464135,3.398734,If I'm drunk. This shit's gonna flow heavily! 6/8,237
Angler's Ale,Pale Ale - English,Arcadia Brewing Company,10,70,41,66,1,66,123,9,88,3.237037,3.540741,3.22963,"Alrighty. Sell it cheap, that could work. 5/8",135
Monk's Stout Dupont,Stout - English,Brasserie Dupont sprl,9,54,62,39,0,35,24,29,98,3.236842,3.894737,2.789474,Well. Sometimes you just have a bad day. Next time... 4/8,19
Tooheys Old,Mild Ale - English Dark,Tooheys Brewing,10,54,50,9,0,4,36,9,100,3.234694,3.5,3.346939,If I'm drunk. This shit's gonna flow heavily! 6/8,49
Wexford Irish Cream Ale,Cream Ale,Greene King / Morland Brewery,9,21,64,28,4,31,50,10,107,3.234328,3.991045,3.259701,If I'm drunk. This shit's gonna flow heavily! 6/8,335
Heineken Dark Lager,Lager - European Dark,Heineken Nederland B.V.,6,25,39,7,0,8,17,1,83,3.233193,3.470588,3.306723,"Alrighty. Sell it cheap, that could work. 5/8",238
Greene King IPA,IPA - English,Greene King / Morland Brewery,5,52,20,12,0,11,63,19,37,3.232759,3.525862,3.241379,"Alrighty. Sell it cheap, that could work. 5/8",58
Wolters Pilsener,Pilsner - German,Hofbrauhaus Wolters GmbH,2,38,17,4,4,8,56,4,44,3.232143,3.607143,3.375,If I'm drunk. This shit's gonna flow heavily! 6/8,56
Mardi Gras Bock,Bock - Maibock,Abita Brewing Co.,9,40,64,10,0,14,57,14,131,3.230303,3.548485,3.372727,If I'm drunk. This shit's gonna flow heavily! 6/8,165
Sam Adams LightBoston Beer Company (Samuel Adams),Lager - Light,Boston Beer Company (Samuel Adams),5,20,31,2,3,5,42,5,66,3.229292,3.559424,3.390156,If I'm drunk. This shit's gonna flow heavily! 6/8,833
Single Chair Golden Ale,Blonde Ale - American,Magic Hat Brewing Company,10,22,34,45,3,34,50,7,64,3.229167,3.441667,3.404167,If I'm drunk. This shit's gonna flow heavily! 6/8,120
Guinness Draught,Stout - Irish Dry,Guinness Ltd.,5,30,13,3,0,6,18,1,36,3.228281,4.197059,3.353394,If I'm drunk. This shit's gonna flow heavily! 6/8,2210
Dark Ale,Mild Ale - English Dark,Coopers Brewery Limited,5,45,81,22,0,24,35,5,106,3.227273,3.278409,3.232955,"Alrighty. Sell it cheap, that could work. 5/8",88
Oliver's Dark Horse,Mild Ale - English Dark,Pratt Street Ale House,4,22,25,1,0,1,19,13,48,3.227273,3.818182,3.272727,If I'm drunk. This shit's gonna flow heavily! 6/8,11
Staropramen Lager,Pilsner - Bohemian / Czech,Pivovary Staropramen,11,54,34,20,4,18,74,8,69,3.226744,3.560078,3.389535,If I'm drunk. This shit's gonna flow heavily! 6/8,258
Jenlain Blonde,Farmhouse Ale - Bière de Garde,Brasserie Duyck,21,43,104,72,0,88,56,13,68,3.22619,3.595238,3.184524,"Alrighty. Sell it cheap, that could work. 5/8",84
Saranac Pomegranate Wheat,Wheat Beer - American Pale,Matt Brewing Company,7,11,74,49,0,87,11,5,85,3.225564,3.515038,3.432331,If I'm drunk. This shit's gonna flow heavily! 6/8,266
Vanilla Java Porter (VJP),Porter - American,Atwater Block Brewery,11,68,34,1,0,1,17,59,109,3.225333,3.54,2.946667,Well. Sometimes you just have a bad day. Next time... 4/8,375
Bourbon Barrel Aged Shaman's Porter,Porter - Baltic,Atwater Block Brewery,61,49,62,36,0,26,32,27,143,3.222222,3.888889,3.388889,"Alrighty. Sell it cheap, that could work. 5/8",9
Hen's Tooth,Strong Ale - English,Greene King / Morland Brewery,23,33,59,23,0,28,46,5,82,3.218605,3.809302,3.393023,"Alrighty. Sell it cheap, that could work. 5/8",215
Wasatch Polygamy Porter,Porter - American,Utah Brewers Cooperative,3,39,38,5,4,3,21,9,87,3.217949,3.487179,3.209402,"Alrighty. Sell it cheap, that could work. 5/8",117
Trader Jose's Dark Lager,Lager - American Amber / Red,Trader Joe's Brewing Company,11,39,65,16,0,17,30,4,100,3.215517,3.586207,3.318966,If I'm drunk. This shit's gonna flow heavily! 6/8,58
Jalapeño Pepper Ale,Chile Beer,Bent River Brewing Company,24,9,7,4,0,3,11,90,24,3.214286,3.357143,3.142857,Well. Sometimes you just have a bad day. Next time... 4/8,7
Nutty Black,Mild Ale - English Dark,Daniel Thwaites Brewery PLC,6,17,40,9,0,7,20,2,50,3.214286,3.714286,3.428571,If I'm drunk. This shit's gonna flow heavily! 6/8,7
Steam Whistle Pilsner,Pilsner - Bohemian / Czech,Steam Whistle Brewing,3,28,11,6,1,4,36,4,34,3.214286,3.365546,3.441176,If I'm drunk. This shit's gonna flow heavily! 6/8,119
Firestone Lager,Lager - Helles,Firestone Walker Brewing Co.,2,45,32,7,3,12,65,4,66,3.211538,3.307692,3.403846,If I'm drunk. This shit's gonna flow heavily! 6/8,26
WRed Wheat,Wheat Beer - American Dark,Wild Rose Brewery & Taproom,5,38,65,21,1,11,58,8,155,3.210526,3.421053,3.421053,If I'm drunk. This shit's gonna flow heavily! 6/8,19
Buffalo Bill's Pumpkin Ale,Pumpkin Beer,Buffalo Bill's Brewery,5,12,16,7,0,84,14,85,35,3.210227,3.000812,2.819805,Well. Sometimes you just have a bad day. Next time... 4/8,616
Orange Blossom Cream Ale,Fruit and Field Beer,Buffalo Bill's Brewery,8,28,46,86,0,86,35,5,30,3.21021,3.013514,2.93994,Well. Sometimes you just have a bad day. Next time... 4/8,333
India Pale Ale,IPA - English,St. Peter's Brewery Co Ltd,12,73,42,38,0,32,108,12,69,3.209239,3.605978,3.410326,"Alrighty. Sell it cheap, that could work. 5/8",184
Zhiguly Grande 9-5,Lager - European Strong,Rinkuškiai Alaus Darykloje,47,13,48,20,0,21,16,5,48,3.208333,3.291667,3.25,"Alrighty. Sell it cheap, that could work. 5/8",12
Chili Pepper Ale,Chile Beer,Six Rivers Brewery,32,13,12,25,0,20,4,169,30,3.205882,3.529412,2.882353,Well. Sometimes you just have a bad day. Next time... 4/8,17
Amber,Lager - American Amber / Red,Abita Brewing Co.,6,24,37,7,0,5,32,2,71,3.205189,3.485849,3.340802,If I'm drunk. This shit's gonna flow heavily! 6/8,424
Palm / Palm Speciale,Pale Ale - Belgian,Brouwerij Palm NV,23,37,73,49,0,63,64,21,88,3.204787,3.675532,3.340426,If I'm drunk. This shit's gonna flow heavily! 6/8,188
DAB Dark Beer,Lager - European Dark,Dortmunder Actien Brauerei / DAB,8,49,48,6,1,9,46,4,102,3.203704,3.462963,3.12963,"Alrighty. Sell it cheap, that could work. 5/8",27
Dead Horse Amber Ale,Mild Ale - English Pale,Moab Brewery,8,35,40,24,1,30,40,3,77,3.203704,3.314815,3.240741,"Alrighty. Sell it cheap, that could work. 5/8",27
Copperhead Ale,Altbier,Fordham Brewing Company,9,29,54,13,1,11,32,2,112,3.202381,3.541667,3.303571,"Alrighty. Sell it cheap, that could work. 5/8",84
Minerva Pale Ale,Mild Ale - English Pale,Cervecería Minerva,7,32,31,18,0,19,49,1,50,3.2,3.8,3.7,If I'm drunk. This shit's gonna flow heavily! 6/8,5
Narragansett Lager,Lager - Adjunct,Narragansett Brewing Co.,2,28,20,8,4,10,36,3,37,3.198077,3.451923,3.475,If I'm drunk. This shit's gonna flow heavily! 6/8,260
Berry Weiss,Wheat Beer - American Pale,Jacob Leinenkugel Brewing Company,7,17,131,40,3,78,32,7,40,3.19571,3.227882,2.919571,Well. Sometimes you just have a bad day. Next time... 4/8,373
Shiner Märzen-Style Oktoberfest,Lager - Märzen / Oktoberfest,Spoetzl Brewery,10,39,44,9,1,12,49,14,72,3.195652,3.611801,3.267081,"Alrighty. Sell it cheap, that could work. 5/8",161
Guinness Original,Stout - Irish Dry,Guinness Ltd.,6,45,32,7,0,4,26,4,66,3.065217,3.956522,3.130435,"Alrighty. Sell it cheap, that could work. 5/8",23
Harp Lager,Lager - European Pale,Guinness Ltd.,11,28,30,23,4,24,47,7,76,3.063025,3.392857,3.267507,If I'm drunk. This shit's gonna flow heavily! 6/8,714
Point Classic Amber,Lager - American Amber / Red,Stevens Point Brewery,5,42,70,12,0,14,71,11,102,3.0625,3.418269,3.153846,"Alrighty. Sell it cheap, that could work. 5/8",104
Aiko,Lager - European Strong,Rinkuškiai Alaus Darykloje,54,26,64,21,0,20,35,9,67,3.0625,3.229167,2.875,Well. Sometimes you just have a bad day. Next time... 4/8,24
Mild Ale,Mild Ale - English Pale,Coopers Brewery Limited,8,30,25,34,1,28,43,5,43,3.0625,3,2.979167,"Alrighty. Sell it cheap, that could work. 5/8",24
Samuel Adams HefeweizenBoston Beer Company (Samuel Adams),Wheat Beer - Hefeweizen,Boston Beer Company (Samuel Adams),14,22,31,18,4,50,40,50,66,3.0625,3.441667,3.1225,"Alrighty. Sell it cheap, that could work. 5/8",600
Guinness Extra Stout (Canada),Stout - Irish Dry,Guinness Ltd.,7,70,65,23,0,19,53,2,102,3.059524,3.785714,3.142857,"Alrighty. Sell it cheap, that could work. 5/8",42
Stone Mill Organic Pale AleGreen Valley Brewing Company (Crooked Creek),Pale Ale - English,Green Valley Brewing Company (Crooked Creek),13,49,56,30,0,37,56,3,50,3.057971,3.374396,3.074879,"Alrighty. Sell it cheap, that could work. 5/8",207
Vienna-Style Amber Lager,Lager - Vienna,Tommyknocker Brewery,10,33,70,29,1,30,46,8,84,3.055556,3.777778,3,"Alrighty. Sell it cheap, that could work. 5/8",9
Pumpkinhead Ale,Pumpkin Beer,Shipyard Brewing Co.,11,15,28,20,1,117,16,100,58,3.053468,2.834538,2.791185,Well. Sometimes you just have a bad day. Next time... 4/8,692
Efes Extra,Lager - European Strong,Anadolu Efes Brewery,58,22,48,16,0,23,29,7,46,3.05,3.375,3,"Alrighty. Sell it cheap, that could work. 5/8",20
Fürstenberg Weizen Hefe Dunkel,Wheat Beer - Dunkelweizen,Fürstlich Fürstenbergische Brauerei KG,12,10,33,30,1,40,10,23,68,3.05,3.7,3.175,"Alrighty. Sell it cheap, that could work. 5/8",20
Alpine Glacier Lager,Lager - American,Tommyknocker Brewery,7,50,39,35,0,33,79,5,52,3.047904,3.359281,3.218563,"Alrighty. Sell it cheap, that could work. 5/8",167
Killer Whale Cream Ale,Cream Ale,Bold City Brewery,3,24,16,13,0,11,30,1,46,3.041667,3.375,3.166667,"Alrighty. Sell it cheap, that could work. 5/8",12
Original Pale Ale,Pale Ale - English,Coopers Brewery Limited,3,37,19,21,0,17,66,4,37,3.04023,3.214559,3.137931,"Alrighty. Sell it cheap, that could work. 5/8",261
Red Lager,Lager - Vienna,Jacob Leinenkugel Brewing Company,7,42,28,4,0,6,65,7,80,3.037383,3.439252,3.15109,"Alrighty. Sell it cheap, that could work. 5/8",321
Grain Belt Premium,Lager - Adjunct,August Schell Brewing Company,8,8,37,13,6,17,26,4,56,3.036145,3.268072,3.400602,If I'm drunk. This shit's gonna flow heavily! 6/8,166
Summer Blonde Ale,Blonde Ale - American,River Horse Brewing Co.,5,17,21,32,0,34,27,3,44,3.027778,3.194444,3.12037,"Alrighty. Sell it cheap, that could work. 5/8",54
Estrella Damm Daura,Lager - European Pale,Damm S. A.,3,29,23,11,5,15,55,6,72,3.019231,3.673077,3.211538,"Alrighty. Sell it cheap, that could work. 5/8",26
Koshihikari Echigo Beer,Lager - Japanese Rice,Uehara Shuzou Co. Ltd. / Echigo Beer Pub,2,21,14,11,1,5,33,0,99,3.017857,3.196429,3.321429,If I'm drunk. This shit's gonna flow heavily! 6/8,56
Honey Brown Lager,Lager - European Dark,Big Rock Brewery,8,25,131,11,0,10,37,2,120,3.016129,3.33871,2.870968,"Alrighty. Sell it cheap, that could work. 5/8",31
Wild Hop Organic Amber LagerGreen Valley Brewing Company (Crooked Creek),Lager - Vienna,Green Valley Brewing Company (Crooked Creek),8,48,34,20,0,12,63,4,58,3.014493,3.315217,3.039855,"Alrighty. Sell it cheap, that could work. 5/8",138
Cosmic Cream Ale,Cream Ale,Cameron's Brewing Co.,10,28,58,29,2,27,37,14,74,3.013158,3.171053,3.144737,"Alrighty. Sell it cheap, that could work. 5/8",38
Josephs Brau Summer Brew,Kölsch,Trader Joe's Brewing Company,2,38,30,32,6,37,55,4,79,3.010638,3.287234,3.021277,"Alrighty. Sell it cheap, that could work. 5/8",47
Saku Mõdu,Braggot,Saku Brewery LTD,3,0,7,3,0,3,0,0,4,3,2.5,3,"Alrighty. Sell it cheap, that could work. 5/8",1
Green Chile Lager,Chile Beer,Tommyknocker Brewery,25,19,7,1,6,3,31,118,38,3,3,3.5,If I'm drunk. This shit's gonna flow heavily! 6/8,1
Malmgård Jouluolut,Farmhouse Ale - Sahti,Malmgårdin Panimo,0,0,0,0,0,0,0,0,0,3,3.5,2.5,If I'm drunk. This shit's gonna flow heavily! 6/8,1
Orion Mugi Shokunin,Happoshu,"Orion Beer Co., Ltd.",1,9,8,1,0,1,10,0,10,3,3.5,3,"Alrighty. Sell it cheap, that could work. 5/8",1
Ginger Beard,Herb and Spice Beer,Wychwood Brewery Company Ltd,27,19,72,23,3,25,34,126,43,3,3.5,3,"Alrighty. Sell it cheap, that could work. 5/8",2
El Guapo Agave IPA,IPA - English,O'Connor Brewing Co.,18,30,29,28,0,31,46,5,24,3,3.5,3.333333,"Alrighty. Sell it cheap, that could work. 5/8",3
Nesher Malt,Kvass,Tempo Beer Industries LTD,4,10,35,0,0,2,5,0,38,3,3.25,2.5,Well. Sometimes you just have a bad day. Next time... 4/8,2
Danilo Classic Kvas,Kvass,"Darl, Tov",4,3,28,9,0,6,1,2,26,3,3.083333,3.333333,"Alrighty. Sell it cheap, that could work. 5/8",6
Danilo Pohmilny Kvas,Kvass,"Darl, Tov",3,3,19,6,0,4,1,4,19,3,3,3.25,"Alrighty. Sell it cheap, that could work. 5/8",2
Olimpia Kvas,Kvass,SP Etrus,0,0,0,1,0,1,0,0,0,3,3.25,3.75,If I'm drunk. This shit's gonna flow heavily! 6/8,2
Cypress Honey Lager,Lager - American Amber / Red,Granville Island Brewery,2,19,113,8,0,8,26,2,132,3,3.25,3.125,"Alrighty. Sell it cheap, that could work. 5/8",28
Craft Lager,Lager - American,Upslope Brewing Company,1,22,31,11,6,11,30,1,47,3,3.714286,3.357143,"Alrighty. Sell it cheap, that could work. 5/8",7
Kirin Premium Draft Beer,Lager - Japanese Rice,"Kirin Brewery Company, Limited",0,0,0,0,0,0,0,0,0,3,3.25,2.75,"Alrighty. Sell it cheap, that could work. 5/8",2
León,Lager - Munich Dunkel,Grupo Modelo S.A. de C.V.,2,22,37,3,0,3,22,3,65,2.953488,3.325581,3.151163,"Alrighty. Sell it cheap, that could work. 5/8",43
GösserBrauerei Göss (Brau Union),Lager - European Pale,Brauerei Göss (Brau Union),12,31,50,20,0,19,56,1,63,2.953125,3.28125,3.046875,"Alrighty. Sell it cheap, that could work. 5/8",64
Werewolf,Brown Ale - Belgian Dark,Rinkuškiai Alaus Darykloje,45,18,87,32,0,40,16,4,76,2.951923,3.278846,2.903846,Well. Sometimes you just have a bad day. Next time... 4/8,52
Pyramid Hefeweizen,Wheat Beer - Hefeweizen,"Pyramid Breweries, Inc.",1,17,23,39,0,55,20,19,40,2.948068,3.306763,2.995169,"Alrighty. Sell it cheap, that could work. 5/8",414
Murphy's Irish Red,Red Ale - Irish,Murphy Brewery Ireland Limited,8,34,45,14,0,20,50,3,80,2.94795,3.528391,3.143533,"Alrighty. Sell it cheap, that could work. 5/8",317
Heineken Oud Bruin,Lager - European Dark,Heineken Nederland B.V.,8,29,91,6,0,2,16,2,53,2.947368,3.394737,2.578947,Well. Sometimes you just have a bad day. Next time... 4/8,19
Oktoberfest,Lager - Märzen / Oktoberfest,Jacob Leinenkugel Brewing Company,3,26,36,10,0,9,28,9,65,2.947368,3.410526,2.953947,"Alrighty. Sell it cheap, that could work. 5/8",380
Trailhead,Lager - Vienna,Wellington County Brewery,6,44,48,19,3,20,63,1,71,2.94186,3.104651,2.813953,"Alrighty. Sell it cheap, that could work. 5/8",43
Original Honey Brown Extra Rich Lager (Beer Brewed With Honey),Lager - American Amber / Red,Genesee Brewing Co. / Dundee Brewing Co.,2,7,58,4,0,3,8,1,63,2.937117,3.141871,3.081288,"Alrighty. Sell it cheap, that could work. 5/8",652
Hansa Imported Dortmunder,Lager - European / Dortmunder Export,Hansa Brauerei / Namibia Breweries,3,28,21,4,3,6,32,5,46,2.935484,3.290323,3,"Alrighty. Sell it cheap, that could work. 5/8",31
Green's Endeavour Dubbel Dark Ale,Dubbel,Green's Gluten Free Beers,13,13,120,55,0,76,27,16,64,2.935185,3.583333,2.509259,Well. Sometimes you just have a bad day. Next time... 4/8,54
Tennent's Lager,Lager - European Pale,Tennent Caledonian Breweries,6,26,26,24,0,17,37,0,47,2.932927,3.329268,3.170732,"Alrighty. Sell it cheap, that could work. 5/8",164
Samuel Adams Cranberry LambicBoston Beer Company (Samuel Adams),Fruit and Field Beer,Boston Beer Company (Samuel Adams),7,4,89,67,0,77,4,1,35,2.931917,3.325163,2.715686,Well. Sometimes you just have a bad day. Next time... 4/8,918
Shiner Light,Lager - Light,Spoetzl Brewery,5,24,33,5,0,5,35,0,60,2.924658,3.356164,3.143836,If I'm drunk. This shit's gonna flow heavily! 6/8,73
Guinness Black Lager,Lager - European Dark,Guinness Ltd.,4,14,14,3,0,5,7,0,30,2.924107,3.631696,2.948661,"Alrighty. Sell it cheap, that could work. 5/8",224
Mississippi Mud Black & Tan,Porter - American,Mississippi Brewing Co.,4,25,26,1,1,1,15,3,57,2.923729,3.444915,2.935028,"Alrighty. Sell it cheap, that could work. 5/8",354
Super Bock Stout,Lager - European Dark,UNICER União Cervejeira S.A.,6,42,58,10,0,12,24,5,79,2.923077,3.461538,3.153846,"Alrighty. Sell it cheap, that could work. 5/8",13
Kronenbourg 1664,Lager - European Pale,Brasseries Kronenbourg,6,34,26,11,2,6,55,8,40,2.920375,3.30445,3.152225,"Alrighty. Sell it cheap, that could work. 5/8",427
Original Organic Lager,Lager - European Pale,Mill Street Brew Pub,4,27,16,13,5,10,54,4,57,2.919753,3.154321,3.117284,"Alrighty. Sell it cheap, that could work. 5/8",81
Rochester Red,Lager - American Amber / Red,Rochester Mills Beer Co.,3,27,48,13,0,15,37,1,81,2.916667,3.75,3.166667,If I'm drunk. This shit's gonna flow heavily! 6/8,6
Efes Pilsener,Lager - European Pale,Anadolu Efes Brewery,9,31,26,14,3,7,67,7,67,2.903509,3.076754,3.008772,"Alrighty. Sell it cheap, that could work. 5/8",228
Redbridge,Lager - American Amber / Red,Anheuser-Busch,9,18,55,46,3,35,45,9,43,2.90107,3.248663,2.887701,Well. Sometimes you just have a bad day. Next time... 4/8,187
Kirin Enjuku Kuro,Happoshu,"Kirin Brewery Company, Limited",1,2,9,0,0,0,2,0,21,2.9,3,3.1,If I'm drunk. This shit's gonna flow heavily! 6/8,5
Amsterdam Navigator 8-4,Lager - European Strong,Grolsch Bierbrouwerij N.V.,19,18,63,13,0,15,20,2,30,2.9,3.2,2.4,Terrible brew dude. Try again. 3/8,5
Rickard's Dark,Porter - English,Molson Coors Canada,6,31,98,10,0,12,17,5,106,2.891892,3.135135,2.743243,Well. Sometimes you just have a bad day. Next time... 4/8,37
Kirin Enjuku,Happoshu,"Kirin Brewery Company, Limited",1,8,9,4,0,2,12,0,18,2.888889,3.333333,3.166667,If I'm drunk. This shit's gonna flow heavily! 6/8,9
Gulpener Gladiator Robuust Bier,Lager - European Strong,Gulpener Bierbrouwerij B.V.,25,14,17,10,0,10,16,0,26,2.888889,3.166667,2.777778,"Alrighty. Sell it cheap, that could work. 5/8",9
Dos Equis Ambar,Lager - Vienna,"Cervecería Cuauhtémoc Moctezuma, S.A. de C.V.",3,28,53,11,3,10,57,16,94,2.884164,3.279326,3.08871,"Alrighty. Sell it cheap, that could work. 5/8",682
Zywiec BeerZywiec Breweries PLC (Heineken),Lager - European Pale,Zywiec Breweries PLC (Heineken),7,38,44,17,2,22,57,4,51,2.88244,3.209821,3.03125,"Alrighty. Sell it cheap, that could work. 5/8",336
Okocim MocneBrowar Okocim S.A. (Carlsberg),Lager - European Strong,Browar Okocim S.A. (Carlsberg),44,23,59,15,1,18,25,1,78,2.880435,3.26087,2.918478,"Alrighty. Sell it cheap, that could work. 5/8",92
P.J.W. Copper Lager,Lager - Vienna,Victory Brewing Company,1,13,22,7,0,5,22,2,39,2.875,3.75,3.875,If I'm drunk. This shit's gonna flow heavily! 6/8,4
Gerstel Non Alcoholic,Low Alcohol Beer,Privatbrauerei Eichbaum GmbH & Co. KG,7,33,40,11,4,3,43,1,64,2.875,3.5,3,Well. Sometimes you just have a bad day. Next time... 4/8,12
Ruddy Wheat,Wheat Beer - American Dark,Weston Brewing Company & O'Malley's Pub,3,3,10,4,1,3,7,1,18,2.875,3,2.75,"Alrighty. Sell it cheap, that could work. 5/8",4
Mickey's,Lager - Malt Liquor,Miller Brewing Co.,15,16,28,4,0,5,20,1,58,2.435315,2.772727,2.730769,Well. Sometimes you just have a bad day. Next time... 4/8,286
Michelob Ultra Lime & Prickly Pear Cactus,Lager - Light,Anheuser-Busch,7,16,28,96,3,100,33,0,23,2.434066,2.384615,2.357143,Well. Sometimes you just have a bad day. Next time... 4/8,91
Siwo,Lager - Japanese Rice,"Hangzhou Xihu Beer Asahi Co. , Ltd.",6,8,6,5,1,6,9,0,26,2.423077,2.423077,2.461538,Well. Sometimes you just have a bad day. Next time... 4/8,13
Rolling Rock Extra Pale,Lager - Adjunct,Latrobe Brewing Co.,14,10,10,7,5,2,19,1,37,2.422051,2.646067,2.642556,"Alrighty. Sell it cheap, that could work. 5/8",712
Labatt Blue,Lager - Adjunct,Labatt Brewing Company Ltd.,6,15,36,9,3,23,20,2,32,2.406096,2.69028,2.672982,"Alrighty. Sell it cheap, that could work. 5/8",607
Genny Light,Lager - Light,Genesee Brewing Co. / Dundee Brewing Co.,5,6,20,10,0,9,10,2,24,2.389706,2.625,2.588235,Well. Sometimes you just have a bad day. Next time... 4/8,68
Tecate,Lager - Adjunct,"Cervecería Cuauhtémoc Moctezuma, S.A. de C.V.",1,12,27,17,0,20,17,2,24,2.38866,2.73299,2.591753,Well. Sometimes you just have a bad day. Next time... 4/8,485
Hite,Lager - European Pale,Hite Brewery Company LTD,7,16,14,4,1,2,19,4,41,2.37156,2.559633,2.440367,Well. Sometimes you just have a bad day. Next time... 4/8,109
Old Monk 10000,Lager - Malt Liquor,Mohan Breweries & Distilleries Ltd,22,13,56,29,0,29,19,13,53,2.370968,2.66129,2.209677,Terrible brew dude. Try again. 3/8,31
Michelob Ultra Fruit Pomegranate Raspberry,Lager - Light,Anheuser-Busch,4,10,80,29,0,76,11,1,17,2.357955,2.284091,2.096591,Terrible brew dude. Try again. 3/8,88
Presidente Light,Lager - Light,Cerveceria Nacional Dominicana,7,14,23,18,0,17,18,2,54,2.357143,2.821429,2.464286,Well. Sometimes you just have a bad day. Next time... 4/8,14
Special Brew,Lager - European Strong,Carlsberg Danmark A/S,78,15,37,6,2,11,11,6,39,2.352941,2.705882,2.323529,Terrible brew dude. Try again. 3/8,17
Iron City Beer,Lager - Adjunct,Pittsburgh Brewing Co.,4,13,10,6,0,4,13,0,31,2.34542,2.646947,2.526718,Well. Sometimes you just have a bad day. Next time... 4/8,262
Michelob Ultra Amber,Lager - Light,Anheuser-Busch,6,25,30,4,3,3,49,6,66,2.343949,2.786624,2.404459,Well. Sometimes you just have a bad day. Next time... 4/8,157
Old Milwaukee Beer,Lager - Adjunct,Pabst Brewing Company,3,11,10,3,0,4,17,4,29,2.343882,2.584388,2.533755,Well. Sometimes you just have a bad day. Next time... 4/8,237
St. Pauli N. A.,Low Alcohol Beer,St. Pauli Brauerei C.L. Wilh. Brandt Gmbh & Co.,18,16,16,7,4,2,34,4,50,2.342105,2.991228,2.254386,Terrible brew dude. Try again. 3/8,57
Steel Reserve 211 Triple Export,Lager - Malt Liquor,Steel Brewing Company,44,17,38,8,0,6,19,5,73,2.33871,3.016129,2.435484,Well. Sometimes you just have a bad day. Next time... 4/8,31
Country Club Malt Liquor,Lager - Malt Liquor,Pabst Brewing Company,35,18,48,17,0,13,20,1,84,2.337838,2.864865,2.621622,Well. Sometimes you just have a bad day. Next time... 4/8,37
Landshark Lager,Lager - Adjunct,Margaritaville Brewing Co.,9,15,31,14,1,18,19,3,43,2.334177,2.791139,2.487342,Well. Sometimes you just have a bad day. Next time... 4/8,395
Fentimans Full Bodied Shandy,Low Alcohol Beer,Fentimans Ltd.,7,8,14,25,0,31,11,4,11,2.333333,3.5,2.333333,Well. Sometimes you just have a bad day. Next time... 4/8,3
O'Doul's Amber,Low Alcohol Beer,Anheuser-Busch,34,33,57,17,3,14,57,4,94,2.313725,2.941176,2.338235,Terrible brew dude. Try again. 3/8,102
Norrlands Guld Export,Lager - European / Dortmunder Export,Spendrups Bryggeri AB,8,22,16,10,0,6,25,0,23,2.3125,2.9375,2.46875,Well. Sometimes you just have a bad day. Next time... 4/8,16
Molson Ice,Lager - Adjunct,Molson Coors Canada,22,18,24,12,4,8,38,3,55,2.309816,2.812883,2.625767,Well. Sometimes you just have a bad day. Next time... 4/8,163
Stack 101 High Gravity Smooth Lager,Lager - Malt Liquor,United Brands Company,42,18,60,45,1,51,19,2,58,2.307692,2.846154,2.019231,Good Lord! What an ugly soup you brew! 2/8,26
Lone Star Beer,Lager - Adjunct,Pabst Brewing Company,7,21,22,6,2,3,29,1,46,2.305128,2.55641,2.487179,Well. Sometimes you just have a bad day. Next time... 4/8,195
Bud Light Lime,Lager - Light,Anheuser-Busch,15,18,15,72,6,70,28,6,44,2.294118,2.401961,2.337691,Well. Sometimes you just have a bad day. Next time... 4/8,459
Steel Reserve 211 (High Gravity),Lager - Malt Liquor,Steel Brewing Company,25,3,19,2,1,2,3,0,30,2.292391,2.752174,2.454348,Well. Sometimes you just have a bad day. Next time... 4/8,460
Sol,Lager - Adjunct,"Cervecería Cuauhtémoc Moctezuma, S.A. de C.V.",2,9,20,9,0,7,10,1,27,2.288779,2.579208,2.442244,Well. Sometimes you just have a bad day. Next time... 4/8,303
Zhujiang Beer,Lager - Japanese Rice,Guangzhou Zhujiang Brewery Co. Ltd.,3,6,6,5,0,3,9,0,23,2.285714,2.357143,2.214286,Terrible brew dude. Try again. 3/8,7
St. Ides High Gravity Malt Liquor,Lager - Malt Liquor,Saint Ides Brewing Company,40,19,39,6,3,4,45,6,91,2.262821,2.820513,2.185897,Terrible brew dude. Try again. 3/8,78
Milwaukee's Best,Lager - Adjunct,Miller Brewing Co.,11,15,15,11,4,5,38,2,53,2.25,2.75,1.5,Terrible brew dude. Try again. 3/8,2
Busch NA,Low Alcohol Beer,Anheuser-Busch,20,9,5,4,1,1,13,0,40,2.25,2.705882,2.426471,Terrible brew dude. Try again. 3/8,34
Miller High Life Light,Lager - Light,Miller Brewing Co.,5,6,7,0,1,0,8,0,18,2.248756,2.701493,2.427861,Well. Sometimes you just have a bad day. Next time... 4/8,201
Taiwan Beer Draft Beer Only 18 Days,Lager - Japanese Rice,Taiwan Tobacco & Liquor Corporation,0,0,0,0,0,0,0,0,0,2.24359,2.358974,2.333333,Well. Sometimes you just have a bad day. Next time... 4/8,39
O'Doul's,Low Alcohol Beer,Anheuser-Busch,24,20,12,8,3,1,41,6,62,2.241007,2.489209,2.28777,Well. Sometimes you just have a bad day. Next time... 4/8,139
Beck's Light,Lager - Light,Brauerei Beck & Co.,4,24,14,6,0,4,29,0,24,2.234375,2.390625,2.203125,Well. Sometimes you just have a bad day. Next time... 4/8,64
Beck's Non-Alcoholic,Low Alcohol Beer,Brauerei Beck & Co.,34,23,24,6,4,6,48,6,59,2.234375,3.03125,2.09375,Terrible brew dude. Try again. 3/8,32
Amstel Light,Lager - Light,Amstel Brouwerij B. V.,2,36,21,11,4,4,65,6,71,2.231183,2.568817,2.363441,Well. Sometimes you just have a bad day. Next time... 4/8,465
Old Milwaukee Non Alcoholic,Low Alcohol Beer,Pabst Brewing Company,20,14,17,4,0,1,15,1,44,2.209677,2.709677,2.306452,Well. Sometimes you just have a bad day. Next time... 4/8,31
Faxe Extra Strong,Lager - European Strong,Royal Unibrew A/S,77,33,59,31,1,36,31,4,32,2.205128,2.858974,2,Terrible brew dude. Try again. 3/8,39
Heineken Premium Light Lager,Lager - Light,Heineken Nederland B.V.,5,20,3,8,5,3,42,4,54,2.202222,2.588889,2.257778,Well. Sometimes you just have a bad day. Next time... 4/8,225
Michelob Light,Lager - Light,Anheuser-Busch,3,21,20,7,0,6,23,0,49,2.20098,2.458333,2.355392,Well. Sometimes you just have a bad day. Next time... 4/8,204
Budweiser,Lager - Adjunct,Anheuser-Busch,4,15,16,10,0,6,15,3,50,2.189644,2.516476,2.420309,Well. Sometimes you just have a bad day. Next time... 4/8,1487
Alkoholfrei,Low Alcohol Beer,Bitburger Brauerei,13,25,10,2,3,0,55,5,37,2.1875,2.875,2.1875,Terrible brew dude. Try again. 3/8,8
Tennent's Super Strong Lager,Lager - European Strong,Tennent Caledonian Breweries,76,16,53,22,0,10,17,1,49,2.177419,2.870968,2.354839,Terrible brew dude. Try again. 3/8,31
Clear Creek Ice,Lager - Malt Liquor,Minhas Craft Brewery,28,2,46,10,0,7,3,0,31,2.175,2.65,2.425,Well. Sometimes you just have a bad day. Next time... 4/8,20
Icehouse,Lager - Adjunct,Miller Brewing Co.,19,16,22,3,0,2,19,4,26,2.173716,2.490937,2.339879,Well. Sometimes you just have a bad day. Next time... 4/8,331
Colt 45 Malt Liquor,Lager - Malt Liquor,Pabst Brewing Company,18,20,28,15,6,6,38,1,73,2.170732,2.577236,2.45935,Well. Sometimes you just have a bad day. Next time... 4/8,246
Bière Du Démon,Lager - European Strong,Les Brasseurs de Gayant,70,12,33,8,1,11,6,0,27,2.166667,2.583333,1.866667,Good Lord! What an ugly soup you brew! 2/8,30
Dog Bite High Gravity Lager,Lager - Malt Liquor,Genesee Brewing Co. / Dundee Brewing Co.,39,23,44,15,0,14,24,1,43,2.166667,2.742424,2.181818,Terrible brew dude. Try again. 3/8,33
ThomasBrau,Low Alcohol Beer,Paulaner Brauerei GmbH & Co. KG,31,24,42,7,3,11,30,0,62,2.15625,2.96875,2.3125,Well. Sometimes you just have a bad day. Next time... 4/8,16
Kronenbourg 1664 Blanc,Wheat Beer - Witbier,Brasseries Kronenbourg,8,22,48,54,3,86,63,42,48,2.155172,2.810345,2.034483,Terrible brew dude. Try again. 3/8,29
Kirin Lager,Lager - Japanese Rice,"Kirin Brewery Company, Limited",5,14,11,4,2,5,20,1,48,2.134921,2.52381,2.142857,Well. Sometimes you just have a bad day. Next time... 4/8,63
Miller Genuine Draft,Lager - Adjunct,Miller Brewing Co.,3,7,23,11,2,8,9,0,35,2.127677,2.579077,2.295717,Well. Sometimes you just have a bad day. Next time... 4/8,607
Olde English 800 High Gravity,Lager - Malt Liquor,Miller Brewing Co.,32,13,40,12,0,10,16,0,43,2.12766,2.723404,2.361702,Terrible brew dude. Try again. 3/8,47
Jokki (Jug Nama),Happoshu,Suntory,2,2,10,3,1,1,2,0,4,2.125,2.875,2,Terrible brew dude. Try again. 3/8,4
Kirin Bar Beer,Lager - Japanese Rice,"Kirin Brewery Company, Limited",0,1,2,1,0,0,1,1,2,2.125,2.75,2.25,Well. Sometimes you just have a bad day. Next time... 4/8,4
Tecate Light,Lager - Light,"Cervecería Cuauhtémoc Moctezuma, S.A. de C.V.",7,26,24,19,3,16,50,4,82,2.125,2.4375,2.203125,Well. Sometimes you just have a bad day. Next time... 4/8,32
Kirin Light Beer,Lager - Light,"Kirin Brewery Company, Limited",3,14,13,7,0,7,17,1,32,2.113208,2.245283,2.04717,Terrible brew dude. Try again. 3/8,53
Red Dog,Lager - Adjunct,Miller Brewing Co.,6,17,14,7,3,3,35,5,38,2.111111,2.319444,2.288889,Well. Sometimes you just have a bad day. Next time... 4/8,180
Beck's Premier Light,Lager - Light,Brauerei Beck & Co.,0,16,7,4,1,5,22,1,30,2.102564,2.262821,2.134615,Terrible brew dude. Try again. 3/8,78
Milwaukee's Best Ice,Lager - Adjunct,Miller Brewing Co.,29,19,23,7,3,6,34,3,57,2.1,2.597143,2.268571,Well. Sometimes you just have a bad day. Next time... 4/8,175
Hurricane Malt Liquor,Lager - Malt Liquor,Anheuser-Busch,12,12,49,21,1,15,16,1,62,2.077465,2.535211,2.183099,Terrible brew dude. Try again. 3/8,71
King Cobra Premium Malt Liquor,Lager - Malt Liquor,Anheuser-Busch,28,17,47,12,1,8,20,3,77,2.059748,2.393082,2.216981,Terrible brew dude. Try again. 3/8,159
Michelob Golden Draft Light,Lager - Light,Anheuser-Busch,5,9,10,7,2,6,16,1,42,2.028736,2.350575,2.224138,Well. Sometimes you just have a bad day. Next time... 4/8,87
Magnum,Lager - Malt Liquor,Miller Brewing Co.,12,28,41,10,3,7,53,4,95,2.027273,2.545455,2.254545,Terrible brew dude. Try again. 3/8,55
Crest Super Premium Lager,Lager - European Strong,Crest Brewing Company,58,27,44,13,0,15,22,0,39,2.022727,2.818182,1.909091,Good Lord! What an ugly soup you brew! 2/8,22
Camo Black Ice,Lager - Malt Liquor,Camo Brewing Company,52,12,50,25,0,33,10,8,31,2.014706,2.838235,1.764706,Good Lord! What an ugly soup you brew! 2/8,34
Miller Genuine Draft 64,Lager - Light,Miller Brewing Co.,3,2,1,0,0,1,2,0,7,2.011848,2.379147,2.004739,Well. Sometimes you just have a bad day. Next time... 4/8,211
Miller Lite,Lager - Light,Miller Brewing Co.,6,7,6,5,2,4,9,2,15,2.007394,2.349815,2.208872,Well. Sometimes you just have a bad day. Next time... 4/8,1082
Asahi Shinnama,Happoshu,Asahi Breweries Ltd,2,4,1,1,0,1,4,0,6,2,2.5,2.166667,Terrible brew dude. Try again. 3/8,3
Asahi Strong Off,Happoshu,Asahi Breweries Ltd,0,0,0,0,0,0,0,0,0,2,3,3,Not Bad old chap! A decent beer you brew 7/8,1
Before-After Premium Lager (12% ABV),Lager - European Strong,Rinkuškiai Alaus Darykloje,74,20,91,28,0,30,24,2,87,2,3,2.5,"Alrighty. Sell it cheap, that could work. 5/8",1
Tsingtao Beer,Lager - Light,"Tsingtao Brewery Co., Ltd.",5,19,14,8,1,12,23,1,30,2,2,2.5,Well. Sometimes you just have a bad day. Next time... 4/8,1
Harpoon Dark,Lager - Munich Dunkel,Harpoon Brewery,11,48,86,14,1,14,26,13,162,2,4,2.5,Well. Sometimes you just have a bad day. Next time... 4/8,1
Jupiler NA,Low Alcohol Beer,Brasserie Piedboeuf,3,4,7,1,0,0,5,2,7,2,2.625,1.625,Good Lord! What an ugly soup you brew! 2/8,4
Budweiser Select,Lager - Light,Anheuser-Busch,9,18,23,3,2,3,36,3,59,1.992045,2.410227,2.115909,Well. Sometimes you just have a bad day. Next time... 4/8,440
Olde English 800,Lager - Malt Liquor,Miller Brewing Co.,15,18,30,7,4,3,38,4,79,1.983456,2.542279,2.207721,Terrible brew dude. Try again. 3/8,272
Axe Head Malt Liquor,Lager - Malt Liquor,Minhas Craft Brewery,63,10,79,28,0,36,5,3,51,1.964286,3.035714,1.928571,Good Lord! What an ugly soup you brew! 2/8,14
Bud Ice,Lager - Adjunct,Anheuser-Busch,14,7,9,5,0,0,7,3,26,1.959144,2.324903,2.048638,Terrible brew dude. Try again. 3/8,257
Corona Extra,Lager - Adjunct,Grupo Modelo S.A. de C.V.,5,13,10,22,3,19,17,4,22,1.950274,2.291058,2.1875,Well. Sometimes you just have a bad day. Next time... 4/8,1096
Labatt Blue Light,Lager - Light,Labatt Brewing Company Ltd.,8,30,38,11,3,22,52,10,59,1.941558,2.191558,2.094156,Well. Sometimes you just have a bad day. Next time... 4/8,154
Keystone IceCoors Brewing Company (Molson-Coors),Lager - Adjunct,Coors Brewing Company,7,18,39,13,4,7,35,3,50,1.906475,2.18705,1.985612,Terrible brew dude. Try again. 3/8,139
Busch Beer,Lager - Adjunct,Anheuser-Busch,5,13,19,2,4,3,17,2,46,1.90107,2.131016,2.090909,Terrible brew dude. Try again. 3/8,374
Camo Black Extra,Lager - Malt Liquor,Camo Brewing Company,33,12,48,14,0,27,10,4,30,1.9,3.2,1.8,Good Lord! What an ugly soup you brew! 2/8,5
Genesee NA,Low Alcohol Beer,Genesee Brewing Co. / Dundee Brewing Co.,10,3,13,3,0,1,3,3,20,1.9,2.15,1.9,Good Lord! What an ugly soup you brew! 2/8,10
Molson Exel,Low Alcohol Beer,Molson Coors Canada,5,9,20,4,0,1,11,0,18,1.888889,3.055556,2.111111,Terrible brew dude. Try again. 3/8,9
Milwaukee's Best Light,Lager - Light,Miller Brewing Co.,8,15,12,3,5,1,31,1,49,1.880795,2.155629,2.082781,Well. Sometimes you just have a bad day. Next time... 4/8,151
Kirin Tanrei Green Label,Happoshu,"Kirin Brewery Company, Limited",3,4,7,6,0,5,7,1,22,1.875,3.125,2.25,"Alrighty. Sell it cheap, that could work. 5/8",4
Natural Ice,Lager - Adjunct,Anheuser-Busch,13,9,17,5,0,5,11,1,18,1.81993,2.136364,1.942308,Terrible brew dude. Try again. 3/8,286
Camo Silver Ice,Lager - Malt Liquor,Camo Brewing Company,44,14,32,18,5,14,34,6,62,1.794872,2.576923,1.846154,Terrible brew dude. Try again. 3/8,39
Keystone LightCoors Brewing Company (Molson-Coors),Lager - Light,Coors Brewing Company,6,7,8,1,2,1,9,0,22,1.7875,1.915909,1.964773,Well. Sometimes you just have a bad day. Next time... 4/8,440
El Lapino,Chile Beer,Microbrasserie du Lièvre,10,10,9,4,0,6,3,96,12,1.772727,1.636364,1.318182,Like piss. Not even drunk pirates will drink that shit! 1/8,11
Budweiser Select 55,Lager - Light,Anheuser-Busch,15,18,12,8,3,6,36,2,49,1.759434,2.240566,1.778302,Terrible brew dude. Try again. 3/8,106
Bud Light,Lager - Light,Anheuser-Busch,5,11,20,4,3,6,12,3,40,1.747312,2.011521,1.828725,Terrible brew dude. Try again. 3/8,1302
Busch Light,Lager - Light,Anheuser-Busch,3,10,8,3,0,4,12,1,26,1.747191,1.936798,1.86236,Terrible brew dude. Try again. 3/8,356
Earthquake High Gravity Lager (10%),Lager - Malt Liquor,"City Brewing Company, LLC",44,8,57,13,0,20,7,5,57,1.744898,2.163265,1.438776,Good Lord! What an ugly soup you brew! 2/8,49
Sharp's,Low Alcohol Beer,Miller Brewing Co.,15,5,15,2,0,4,5,1,44,1.743243,2.067568,1.837838,Good Lord! What an ugly soup you brew! 2/8,37
Camo High Gravity Lager,Lager - Malt Liquor,Camo Brewing Company,52,17,31,17,0,13,16,1,38,1.727273,2.431818,1.772727,Terrible brew dude. Try again. 3/8,44
Natural Light,Lager - Light,Anheuser-Busch,5,3,5,5,0,4,4,2,11,1.68609,1.843985,1.824248,Well. Sometimes you just have a bad day. Next time... 4/8,532
Michelob Ultra,Lager - Light,Anheuser-Busch,9,14,15,10,4,6,18,2,43,1.684512,1.827916,1.695029,Terrible brew dude. Try again. 3/8,523
Sapporo Draft One,Happoshu,Sapporo Breweries Ltd.,7,6,17,13,0,9,9,1,15,1.642857,1.857143,1.785714,Terrible brew dude. Try again. 3/8,7
Corona Light,Lager - Light,Grupo Modelo S.A. de C.V.,6,11,5,17,3,15,32,5,36,1.640351,1.915205,1.660819,Good Lord! What an ugly soup you brew! 2/8,342
Asahi Honnama Aqua Blue,Happoshu,Asahi Breweries Ltd,2,2,2,6,0,3,4,2,11,1.571429,1.571429,1.214286,Good Lord! What an ugly soup you brew! 2/8,7
Evil Eye,Lager - Malt Liquor,Melanie Brewing Company,50,11,82,41,0,49,7,0,47,1.509615,2.221154,1.355769,Like piss. Not even drunk pirates will drink that shit! 1/8,52